TIME,GEO,SPECIES,FISHREG,Value
2007,European Union (current composition),All aquatic organisms,Total fishing areas,4910170.42
2007,European Union (current composition),"Cods, hakes, haddocks",Total fishing areas,746671.73
2007,European Union (current composition),"Herrings, sardines, anchovies",Total fishing areas,1630860.04
2007,Belgium,All aquatic organisms,Total fishing areas,24026.86
2007,Belgium,"Cods, hakes, haddocks",Total fishing areas,2700.35
2007,Belgium,"Herrings, sardines, anchovies",Total fishing areas,1.4
2007,Belgium,European sprat - Sprattus sprattus,Total fishing areas,0.5
2007,Bulgaria,All aquatic organisms,Total fishing areas,7832.04
2007,Bulgaria,"Cods, hakes, haddocks",Total fishing areas,16
2007,Bulgaria,"Herrings, sardines, anchovies",Total fishing areas,3046
2007,Bulgaria,"Tunas, bonitos, billfishes",Total fishing areas,1
2007,Bulgaria,European sprat - Sprattus sprattus,Total fishing areas,2985
2007,Denmark,All aquatic organisms,Total fishing areas,652971.81
2007,Denmark,"Salmons, trouts, smelts",Total fishing areas,151.08
2007,Denmark,"Cods, hakes, haddocks",Total fishing areas,87204.32
2007,Denmark,"Herrings, sardines, anchovies",Total fishing areas,261759.01
2007,Denmark,European sprat - Sprattus sprattus,Total fishing areas,140892.01
2007,Germany (until 1990 former territory of the FRG),All aquatic organisms,Total fishing areas,226939.82
2007,Germany (until 1990 former territory of the FRG),"Salmons, trouts, smelts",Total fishing areas,55.9
2007,Germany (until 1990 former territory of the FRG),"Cods, hakes, haddocks",Total fishing areas,70929.9
2007,Germany (until 1990 former territory of the FRG),"Herrings, sardines, anchovies",Total fishing areas,93071
2007,Germany (until 1990 former territory of the FRG),"Tunas, bonitos, billfishes",Total fishing areas,1.2
2007,Germany (until 1990 former territory of the FRG),European sprat - Sprattus sprattus,Total fishing areas,30974.4
2007,Estonia,All aquatic organisms,Total fishing areas,96782.27
2007,Estonia,"Salmons, trouts, smelts",Total fishing areas,603.2
2007,Estonia,"Cods, hakes, haddocks",Total fishing areas,1221.6
2007,Estonia,"Herrings, sardines, anchovies",Total fishing areas,77115.5
2007,Estonia,European sprat - Sprattus sprattus,Total fishing areas,51007.4
2007,Ireland,All aquatic organisms,Total fishing areas,214844.59
2007,Ireland,"Cods, hakes, haddocks",Total fishing areas,45317.13
2007,Ireland,"Herrings, sardines, anchovies",Total fishing areas,34653.32
2007,Ireland,"Tunas, bonitos, billfishes",Total fishing areas,562.32
2007,Ireland,European sprat - Sprattus sprattus,Total fishing areas,3744.4
2007,Greece,All aquatic organisms,Total fishing areas,93639.15
2007,Greece,"Cods, hakes, haddocks",Total fishing areas,6491.3
2007,Greece,"Herrings, sardines, anchovies",Total fishing areas,28417.51
2007,Greece,"Tunas, bonitos, billfishes",Total fishing areas,2976.74
2007,Greece,European sprat - Sprattus sprattus,Total fishing areas,204.03
2007,Spain,All aquatic organisms,Total fishing areas,687125.75
2007,Spain,"Salmons, trouts, smelts",Total fishing areas,26.63
2007,Spain,"Cods, hakes, haddocks",Total fishing areas,112925.28
2007,Spain,"Herrings, sardines, anchovies",Total fishing areas,73861.12
2007,Spain,"Tunas, bonitos, billfishes",Total fishing areas,141959.65
2007,Spain,European sprat - Sprattus sprattus,Total fishing areas,17.6
2007,France,All aquatic organisms,Total fishing areas,549144.35
2007,France,"Salmons, trouts, smelts",Total fishing areas,77.86
2007,France,"Cods, hakes, haddocks",Total fishing areas,98353.13
2007,France,"Herrings, sardines, anchovies",Total fishing areas,65107.43
2007,France,"Tunas, bonitos, billfishes",Total fishing areas,100984.55
2007,France,European sprat - Sprattus sprattus,Total fishing areas,0.22
2007,Croatia,All aquatic organisms,Total fishing areas,48630.71
2007,Croatia,"Cods, hakes, haddocks",Total fishing areas,980
2007,Croatia,"Herrings, sardines, anchovies",Total fishing areas,30231
2007,Croatia,"Tunas, bonitos, billfishes",Total fishing areas,1896
2007,Italy,All aquatic organisms,Total fishing areas,282698.81
2007,Italy,"Cods, hakes, haddocks",Total fishing areas,18005
2007,Italy,"Herrings, sardines, anchovies",Total fishing areas,76830.2
2007,Italy,"Tunas, bonitos, billfishes",Total fishing areas,23289.3
2007,Italy,European sprat - Sprattus sprattus,Total fishing areas,105.2
2007,Cyprus,All aquatic organisms,Total fishing areas,2205.4
2007,Cyprus,"Cods, hakes, haddocks",Total fishing areas,23.1
2007,Cyprus,"Herrings, sardines, anchovies",Total fishing areas,12.1
2007,Cyprus,"Tunas, bonitos, billfishes",Total fishing areas,682
2007,Latvia,All aquatic organisms,Total fishing areas,154962.1
2007,Latvia,"Salmons, trouts, smelts",Total fishing areas,892
2007,Latvia,"Cods, hakes, haddocks",Total fishing areas,4297.7
2007,Latvia,"Herrings, sardines, anchovies",Total fishing areas,102365.4
2007,Latvia,"Tunas, bonitos, billfishes",Total fishing areas,714.5
2007,Latvia,European sprat - Sprattus sprattus,Total fishing areas,60454
2007,Lithuania,All aquatic organisms,Total fishing areas,149733
2007,Lithuania,"Salmons, trouts, smelts",Total fishing areas,56
2007,Lithuania,"Cods, hakes, haddocks",Total fishing areas,13482
2007,Lithuania,"Herrings, sardines, anchovies",Total fishing areas,66598
2007,Lithuania,"Tunas, bonitos, billfishes",Total fishing areas,275
2007,Lithuania,European sprat - Sprattus sprattus,Total fishing areas,19745
2007,Malta,All aquatic organisms,Total fishing areas,1244.21
2007,Malta,"Cods, hakes, haddocks",Total fishing areas,14
2007,Malta,"Herrings, sardines, anchovies",Total fishing areas,2.1
2007,Malta,"Tunas, bonitos, billfishes",Total fishing areas,574.1
2007,Netherlands,All aquatic organisms,Total fishing areas,366277
2007,Netherlands,"Salmons, trouts, smelts",Total fishing areas,22
2007,Netherlands,"Cods, hakes, haddocks",Total fishing areas,83718
2007,Netherlands,"Herrings, sardines, anchovies",Total fishing areas,114981
2007,Netherlands,"Tunas, bonitos, billfishes",Total fishing areas,11
2007,Netherlands,European sprat - Sprattus sprattus,Total fishing areas,124
2007,Poland,All aquatic organisms,Total fishing areas,125345.15
2007,Poland,"Salmons, trouts, smelts",Total fishing areas,598.52
2007,Poland,"Cods, hakes, haddocks",Total fishing areas,20906.3
2007,Poland,"Herrings, sardines, anchovies",Total fishing areas,85377.6
2007,Poland,European sprat - Sprattus sprattus,Total fishing areas,60202.5
2007,Portugal,All aquatic organisms,Total fishing areas,250783.27
2007,Portugal,"Salmons, trouts, smelts",Total fishing areas,10.03
2007,Portugal,"Cods, hakes, haddocks",Total fishing areas,17125.47
2007,Portugal,"Herrings, sardines, anchovies",Total fishing areas,92700.03
2007,Portugal,"Tunas, bonitos, billfishes",Total fishing areas,18657.83
2007,Portugal,European sprat - Sprattus sprattus,Total fishing areas,0.01
2007,Romania,All aquatic organisms,Total fishing areas,518
2007,Romania,"Cods, hakes, haddocks",Total fishing areas,106
2007,Romania,"Herrings, sardines, anchovies",Total fishing areas,267
2007,Romania,European sprat - Sprattus sprattus,Total fishing areas,228
2007,Slovenia,All aquatic organisms,Total fishing areas,963.95
2007,Slovenia,"Cods, hakes, haddocks",Total fishing areas,43.52
2007,Slovenia,"Herrings, sardines, anchovies",Total fishing areas,677.46
2007,Slovenia,"Tunas, bonitos, billfishes",Total fishing areas,0.61
2007,Slovenia,European sprat - Sprattus sprattus,Total fishing areas,17.67
2007,Finland,All aquatic organisms,Total fishing areas,128163.22
2007,Finland,"Salmons, trouts, smelts",Total fishing areas,2519.63
2007,Finland,"Cods, hakes, haddocks",Total fishing areas,853.45
2007,Finland,"Herrings, sardines, anchovies",Total fishing areas,114018.18
2007,Finland,European sprat - Sprattus sprattus,Total fishing areas,24625.43
2007,Sweden,All aquatic organisms,Total fishing areas,236133.2
2007,Sweden,"Salmons, trouts, smelts",Total fishing areas,1412.2
2007,Sweden,"Cods, hakes, haddocks",Total fishing areas,15620.3
2007,Sweden,"Herrings, sardines, anchovies",Total fishing areas,199927.8
2007,Sweden,European sprat - Sprattus sprattus,Total fishing areas,100440.7
2007,United Kingdom,All aquatic organisms,Total fishing areas,609205.76
2007,United Kingdom,"Salmons, trouts, smelts",Total fishing areas,14.38
2007,United Kingdom,"Cods, hakes, haddocks",Total fishing areas,146337.88
2007,United Kingdom,"Herrings, sardines, anchovies",Total fishing areas,109839.88
2007,United Kingdom,"Tunas, bonitos, billfishes",Total fishing areas,1080.74
2007,United Kingdom,European sprat - Sprattus sprattus,Total fishing areas,3050.4
2007,Iceland,All aquatic organisms,Total fishing areas,1420405.4
2007,Iceland,"Cods, hakes, haddocks",Total fishing areas,598795.7
2007,Iceland,"Herrings, sardines, anchovies",Total fishing areas,319894.3
2007,Norway,All aquatic organisms,Total fishing areas,2337433.06
2007,Norway,"Salmons, trouts, smelts",Total fishing areas,6.05
2007,Norway,"Cods, hakes, haddocks",Total fishing areas,1103093.42
2007,Norway,"Herrings, sardines, anchovies",Total fishing areas,897847
2007,Norway,European sprat - Sprattus sprattus,Total fishing areas,12933
2007,Turkey,All aquatic organisms,Total fishing areas,599091
2007,Turkey,"Cods, hakes, haddocks",Total fishing areas,16300
2007,Turkey,"Herrings, sardines, anchovies",Total fishing areas,417862
2007,Turkey,"Tunas, bonitos, billfishes",Total fishing areas,19872
2007,Turkey,European sprat - Sprattus sprattus,Total fishing areas,11921
2008,European Union (current composition),All aquatic organisms,Total fishing areas,4910210.26
2008,European Union (current composition),"Cods, hakes, haddocks",Total fishing areas,676406.57
2008,European Union (current composition),"Herrings, sardines, anchovies",Total fishing areas,1537439.84
2008,Belgium,All aquatic organisms,Total fishing areas,22097.85
2008,Belgium,"Cods, hakes, haddocks",Total fishing areas,2504.67
2008,Belgium,"Herrings, sardines, anchovies",Total fishing areas,0.61
2008,Belgium,European sprat - Sprattus sprattus,Total fishing areas,0.4
2008,Bulgaria,All aquatic organisms,Total fishing areas,7666.08
2008,Bulgaria,"Cods, hakes, haddocks",Total fishing areas,0.01
2008,Bulgaria,"Herrings, sardines, anchovies",Total fishing areas,4337.01
2008,Bulgaria,"Tunas, bonitos, billfishes",Total fishing areas,16
2008,Bulgaria,European sprat - Sprattus sprattus,Total fishing areas,4309
2008,Denmark,All aquatic organisms,Total fishing areas,690580.51
2008,Denmark,"Salmons, trouts, smelts",Total fishing areas,105.09
2008,Denmark,"Cods, hakes, haddocks",Total fishing areas,86681.22
2008,Denmark,"Herrings, sardines, anchovies",Total fishing areas,232231.01
2008,Denmark,European sprat - Sprattus sprattus,Total fishing areas,126692.01
2008,Germany (until 1990 former territory of the FRG),All aquatic organisms,Total fishing areas,207436.1
2008,Germany (until 1990 former territory of the FRG),"Salmons, trouts, smelts",Total fishing areas,53
2008,Germany (until 1990 former territory of the FRG),"Cods, hakes, haddocks",Total fishing areas,61455.8
2008,Germany (until 1990 former territory of the FRG),"Herrings, sardines, anchovies",Total fishing areas,77676.1
2008,Germany (until 1990 former territory of the FRG),European sprat - Sprattus sprattus,Total fishing areas,30973.2
2008,Estonia,All aquatic organisms,Total fishing areas,98202.84
2008,Estonia,"Salmons, trouts, smelts",Total fishing areas,800.2
2008,Estonia,"Cods, hakes, haddocks",Total fishing areas,1197.8
2008,Estonia,"Herrings, sardines, anchovies",Total fishing areas,80424.4
2008,Estonia,European sprat - Sprattus sprattus,Total fishing areas,48581.9
2008,Ireland,All aquatic organisms,Total fishing areas,205131.93
2008,Ireland,"Cods, hakes, haddocks",Total fishing areas,33855.54
2008,Ireland,"Herrings, sardines, anchovies",Total fishing areas,32552.6
2008,Ireland,"Tunas, bonitos, billfishes",Total fishing areas,1547.7
2008,Ireland,European sprat - Sprattus sprattus,Total fishing areas,2353
2008,Greece,All aquatic organisms,Total fishing areas,83821.1
2008,Greece,"Cods, hakes, haddocks",Total fishing areas,6424.45
2008,Greece,"Herrings, sardines, anchovies",Total fishing areas,27861.9
2008,Greece,"Tunas, bonitos, billfishes",Total fishing areas,2284.82
2008,Greece,European sprat - Sprattus sprattus,Total fishing areas,252.62
2008,Spain,All aquatic organisms,Total fishing areas,853372.9
2008,Spain,"Salmons, trouts, smelts",Total fishing areas,24.05
2008,Spain,"Cods, hakes, haddocks",Total fishing areas,105347.42
2008,Spain,"Herrings, sardines, anchovies",Total fishing areas,69051.06
2008,Spain,"Tunas, bonitos, billfishes",Total fishing areas,310748.43
2008,Spain,European sprat - Sprattus sprattus,Total fishing areas,2.01
2008,France,All aquatic organisms,Total fishing areas,489716.38
2008,France,"Salmons, trouts, smelts",Total fishing areas,64.33
2008,France,"Cods, hakes, haddocks",Total fishing areas,91158.8
2008,France,"Herrings, sardines, anchovies",Total fishing areas,55929.42
2008,France,"Tunas, bonitos, billfishes",Total fishing areas,101114.15
2008,France,European sprat - Sprattus sprattus,Total fishing areas,0.21
2008,Croatia,All aquatic organisms,Total fishing areas,49011
2008,Croatia,"Cods, hakes, haddocks",Total fishing areas,702
2008,Croatia,"Herrings, sardines, anchovies",Total fishing areas,34323
2008,Croatia,"Tunas, bonitos, billfishes",Total fishing areas,861
2008,Italy,All aquatic organisms,Total fishing areas,232206.09
2008,Italy,"Cods, hakes, haddocks",Total fishing areas,15828.4
2008,Italy,"Herrings, sardines, anchovies",Total fishing areas,57954.3
2008,Italy,"Tunas, bonitos, billfishes",Total fishing areas,19164.19
2008,Italy,European sprat - Sprattus sprattus,Total fishing areas,122
2008,Cyprus,All aquatic organisms,Total fishing areas,1991.6
2008,Cyprus,"Cods, hakes, haddocks",Total fishing areas,23.1
2008,Cyprus,"Herrings, sardines, anchovies",Total fishing areas,12.7
2008,Cyprus,"Tunas, bonitos, billfishes",Total fishing areas,433.8
2008,Latvia,All aquatic organisms,Total fishing areas,157585.6
2008,Latvia,"Salmons, trouts, smelts",Total fishing areas,1760.4
2008,Latvia,"Cods, hakes, haddocks",Total fishing areas,4030.9
2008,Latvia,"Herrings, sardines, anchovies",Total fishing areas,103701
2008,Latvia,"Tunas, bonitos, billfishes",Total fishing areas,1351.5
2008,Latvia,European sprat - Sprattus sprattus,Total fishing areas,57301.3
2008,Lithuania,All aquatic organisms,Total fishing areas,157104.9
2008,Lithuania,"Salmons, trouts, smelts",Total fishing areas,66.2
2008,Lithuania,"Cods, hakes, haddocks",Total fishing areas,8206.2
2008,Lithuania,"Herrings, sardines, anchovies",Total fishing areas,72842.7
2008,Lithuania,"Tunas, bonitos, billfishes",Total fishing areas,495
2008,Lithuania,European sprat - Sprattus sprattus,Total fishing areas,18295.5
2008,Malta,All aquatic organisms,Total fishing areas,1282.07
2008,Malta,"Cods, hakes, haddocks",Total fishing areas,17.9
2008,Malta,"Herrings, sardines, anchovies",Total fishing areas,7.4
2008,Malta,"Tunas, bonitos, billfishes",Total fishing areas,587.5
2008,Netherlands,All aquatic organisms,Total fishing areas,375556
2008,Netherlands,"Salmons, trouts, smelts",Total fishing areas,177
2008,Netherlands,"Cods, hakes, haddocks",Total fishing areas,82092
2008,Netherlands,"Herrings, sardines, anchovies",Total fishing areas,136037
2008,Netherlands,"Tunas, bonitos, billfishes",Total fishing areas,767
2008,Netherlands,European sprat - Sprattus sprattus,Total fishing areas,5
2008,Poland,All aquatic organisms,Total fishing areas,115527
2008,Poland,"Salmons, trouts, smelts",Total fishing areas,184.4
2008,Poland,"Cods, hakes, haddocks",Total fishing areas,12797.9
2008,Poland,"Herrings, sardines, anchovies",Total fishing areas,76077.9
2008,Poland,European sprat - Sprattus sprattus,Total fishing areas,55556.7
2008,Portugal,All aquatic organisms,Total fishing areas,223845.66
2008,Portugal,"Salmons, trouts, smelts",Total fishing areas,2.03
2008,Portugal,"Cods, hakes, haddocks",Total fishing areas,16650.31
2008,Portugal,"Herrings, sardines, anchovies",Total fishing areas,71557.02
2008,Portugal,"Tunas, bonitos, billfishes",Total fishing areas,13694.85
2008,Portugal,European sprat - Sprattus sprattus,Total fishing areas,0.01
2008,Romania,All aquatic organisms,Total fishing areas,443.6
2008,Romania,"Cods, hakes, haddocks",Total fishing areas,55
2008,Romania,"Herrings, sardines, anchovies",Total fishing areas,249
2008,Romania,European sprat - Sprattus sprattus,Total fishing areas,234
2008,Slovenia,All aquatic organisms,Total fishing areas,727.45
2008,Slovenia,"Salmons, trouts, smelts",Total fishing areas,0
2008,Slovenia,"Cods, hakes, haddocks",Total fishing areas,53.13
2008,Slovenia,"Herrings, sardines, anchovies",Total fishing areas,513.72
2008,Slovenia,"Tunas, bonitos, billfishes",Total fishing areas,0
2008,Slovenia,European sprat - Sprattus sprattus,Total fishing areas,16.9
2008,Finland,All aquatic organisms,Total fishing areas,119355.46
2008,Finland,"Salmons, trouts, smelts",Total fishing areas,2215.87
2008,Finland,"Cods, hakes, haddocks",Total fishing areas,831.01
2008,Finland,"Herrings, sardines, anchovies",Total fishing areas,107987.41
2008,Finland,European sprat - Sprattus sprattus,Total fishing areas,24270.37
2008,Sweden,All aquatic organisms,Total fishing areas,229725.2
2008,Sweden,"Salmons, trouts, smelts",Total fishing areas,1048.6
2008,Sweden,"Cods, hakes, haddocks",Total fishing areas,15045.2
2008,Sweden,"Herrings, sardines, anchovies",Total fishing areas,190227.5
2008,Sweden,European sprat - Sprattus sprattus,Total fishing areas,95571.2
2008,United Kingdom,All aquatic organisms,Total fishing areas,587822.94
2008,United Kingdom,"Salmons, trouts, smelts",Total fishing areas,10.07
2008,United Kingdom,"Cods, hakes, haddocks",Total fishing areas,131447.81
2008,United Kingdom,"Herrings, sardines, anchovies",Total fishing areas,105885.08
2008,United Kingdom,"Tunas, bonitos, billfishes",Total fishing areas,1526.02
2008,United Kingdom,European sprat - Sprattus sprattus,Total fishing areas,3601.02
2008,Iceland,All aquatic organisms,Total fishing areas,1306360.6
2008,Iceland,"Cods, hakes, haddocks",Total fishing areas,507730.2
2008,Iceland,"Herrings, sardines, anchovies",Total fishing areas,370814
2008,Norway,All aquatic organisms,Total fishing areas,2366528.96
2008,Norway,"Salmons, trouts, smelts",Total fishing areas,6.23
2008,Norway,"Cods, hakes, haddocks",Total fishing areas,986268.88
2008,Norway,"Herrings, sardines, anchovies",Total fishing areas,1029946.4
2008,Norway,"Tunas, bonitos, billfishes",Total fishing areas,0.3
2008,Norway,European sprat - Sprattus sprattus,Total fishing areas,4453.3
2008,Turkey,All aquatic organisms,Total fishing areas,462978
2008,Turkey,"Cods, hakes, haddocks",Total fishing areas,13494
2008,Turkey,"Herrings, sardines, anchovies",Total fishing areas,308509
2008,Turkey,"Tunas, bonitos, billfishes",Total fishing areas,19674
2008,Turkey,European sprat - Sprattus sprattus,Total fishing areas,39303
2009,European Union (current composition),All aquatic organisms,Total fishing areas,4804323.76
2009,European Union (current composition),"Cods, hakes, haddocks",Total fishing areas,570839.11
2009,European Union (current composition),"Herrings, sardines, anchovies",Total fishing areas,1574228.87
2009,Belgium,All aquatic organisms,Total fishing areas,21207.64
2009,Belgium,"Cods, hakes, haddocks",Total fishing areas,2256.45
2009,Belgium,"Herrings, sardines, anchovies",Total fishing areas,0.51
2009,Belgium,European sprat - Sprattus sprattus,Total fishing areas,0.3
2009,Bulgaria,All aquatic organisms,Total fishing areas,7391.07
2009,Bulgaria,"Cods, hakes, haddocks",Total fishing areas,2
2009,Bulgaria,"Herrings, sardines, anchovies",Total fishing areas,4596
2009,Bulgaria,"Tunas, bonitos, billfishes",Total fishing areas,5
2009,Bulgaria,European sprat - Sprattus sprattus,Total fishing areas,4551
2009,Denmark,All aquatic organisms,Total fishing areas,777701.84
2009,Denmark,"Salmons, trouts, smelts",Total fishing areas,201.98
2009,Denmark,"Cods, hakes, haddocks",Total fishing areas,57935.23
2009,Denmark,"Herrings, sardines, anchovies",Total fishing areas,287223.4
2009,Denmark,European sprat - Sprattus sprattus,Total fishing areas,195174.1
2009,Germany (until 1990 former territory of the FRG),All aquatic organisms,Total fishing areas,195018.53
2009,Germany (until 1990 former territory of the FRG),"Salmons, trouts, smelts",Total fishing areas,40.82
2009,Germany (until 1990 former territory of the FRG),"Cods, hakes, haddocks",Total fishing areas,42915.63
2009,Germany (until 1990 former territory of the FRG),"Herrings, sardines, anchovies",Total fishing areas,66692.13
2009,Germany (until 1990 former territory of the FRG),European sprat - Sprattus sprattus,Total fishing areas,29223.1
2009,Estonia,All aquatic organisms,Total fishing areas,94524.71
2009,Estonia,"Salmons, trouts, smelts",Total fishing areas,826.2
2009,Estonia,"Cods, hakes, haddocks",Total fishing areas,990.7
2009,Estonia,"Herrings, sardines, anchovies",Total fishing areas,80467.1
2009,Estonia,European sprat - Sprattus sprattus,Total fishing areas,47298.7
2009,Ireland,All aquatic organisms,Total fishing areas,268994.27
2009,Ireland,"Cods, hakes, haddocks",Total fishing areas,21104.46
2009,Ireland,"Herrings, sardines, anchovies",Total fishing areas,42155.1
2009,Ireland,"Tunas, bonitos, billfishes",Total fishing areas,2081.51
2009,Ireland,European sprat - Sprattus sprattus,Total fishing areas,3772.1
2009,Greece,All aquatic organisms,Total fishing areas,81821.36
2009,Greece,"Cods, hakes, haddocks",Total fishing areas,6158.45
2009,Greece,"Herrings, sardines, anchovies",Total fishing areas,26532.84
2009,Greece,"Tunas, bonitos, billfishes",Total fishing areas,2336.71
2009,Greece,European sprat - Sprattus sprattus,Total fishing areas,200.73
2009,Spain,All aquatic organisms,Total fishing areas,685552.89
2009,Spain,"Salmons, trouts, smelts",Total fishing areas,24.73
2009,Spain,"Cods, hakes, haddocks",Total fishing areas,142773.66
2009,Spain,"Herrings, sardines, anchovies",Total fishing areas,64359.29
2009,Spain,"Tunas, bonitos, billfishes",Total fishing areas,104931.43
2009,Spain,European sprat - Sprattus sprattus,Total fishing areas,0.04
2009,France,All aquatic organisms,Total fishing areas,429549.95
2009,France,"Salmons, trouts, smelts",Total fishing areas,65.32
2009,France,"Cods, hakes, haddocks",Total fishing areas,78303.76
2009,France,"Herrings, sardines, anchovies",Total fishing areas,46485
2009,France,"Tunas, bonitos, billfishes",Total fishing areas,90297.11
2009,France,European sprat - Sprattus sprattus,Total fishing areas,5.7
2009,Croatia,All aquatic organisms,Total fishing areas,55364.5
2009,Croatia,"Cods, hakes, haddocks",Total fishing areas,908.7
2009,Croatia,"Herrings, sardines, anchovies",Total fishing areas,47736
2009,Croatia,"Tunas, bonitos, billfishes",Total fishing areas,702.8
2009,Croatia,European sprat - Sprattus sprattus,Total fishing areas,89.1
2009,Italy,All aquatic organisms,Total fishing areas,248013.32
2009,Italy,"Cods, hakes, haddocks",Total fishing areas,15457.11
2009,Italy,"Herrings, sardines, anchovies",Total fishing areas,70792.8
2009,Italy,"Tunas, bonitos, billfishes",Total fishing areas,19619.3
2009,Italy,European sprat - Sprattus sprattus,Total fishing areas,123.9
2009,Cyprus,All aquatic organisms,Total fishing areas,1391
2009,Cyprus,"Cods, hakes, haddocks",Total fishing areas,12.1
2009,Cyprus,"Herrings, sardines, anchovies",Total fishing areas,2.9
2009,Cyprus,"Tunas, bonitos, billfishes",Total fishing areas,274.1
2009,Latvia,All aquatic organisms,Total fishing areas,162884.6
2009,Latvia,"Salmons, trouts, smelts",Total fishing areas,2000.6
2009,Latvia,"Cods, hakes, haddocks",Total fishing areas,4699.8
2009,Latvia,"Herrings, sardines, anchovies",Total fishing areas,98929.8
2009,Latvia,"Tunas, bonitos, billfishes",Total fishing areas,2151.3
2009,Latvia,European sprat - Sprattus sprattus,Total fishing areas,49549.9
2009,Lithuania,All aquatic organisms,Total fishing areas,150094.6
2009,Lithuania,"Salmons, trouts, smelts",Total fishing areas,108.2
2009,Lithuania,"Cods, hakes, haddocks",Total fishing areas,2824.4
2009,Lithuania,"Herrings, sardines, anchovies",Total fishing areas,61065.6
2009,Lithuania,"Tunas, bonitos, billfishes",Total fishing areas,1300.2
2009,Lithuania,European sprat - Sprattus sprattus,Total fishing areas,19514.9
2009,Malta,All aquatic organisms,Total fishing areas,1587.45
2009,Malta,"Cods, hakes, haddocks",Total fishing areas,22.3
2009,Malta,"Herrings, sardines, anchovies",Total fishing areas,13.5
2009,Malta,"Tunas, bonitos, billfishes",Total fishing areas,545.8
2009,Netherlands,All aquatic organisms,Total fishing areas,340793
2009,Netherlands,"Salmons, trouts, smelts",Total fishing areas,364
2009,Netherlands,"Cods, hakes, haddocks",Total fishing areas,39943
2009,Netherlands,"Herrings, sardines, anchovies",Total fishing areas,136262
2009,Netherlands,"Tunas, bonitos, billfishes",Total fishing areas,639
2009,Netherlands,European sprat - Sprattus sprattus,Total fishing areas,4
2009,Poland,All aquatic organisms,Total fishing areas,175024.48
2009,Poland,"Salmons, trouts, smelts",Total fishing areas,435.3
2009,Poland,"Cods, hakes, haddocks",Total fishing areas,13854
2009,Poland,"Herrings, sardines, anchovies",Total fishing areas,118570.2
2009,Poland,"Tunas, bonitos, billfishes",Total fishing areas,23.3
2009,Poland,European sprat - Sprattus sprattus,Total fishing areas,83415.5
2009,Portugal,All aquatic organisms,Total fishing areas,198639.11
2009,Portugal,"Salmons, trouts, smelts",Total fishing areas,4.03
2009,Portugal,"Cods, hakes, haddocks",Total fishing areas,15878.28
2009,Portugal,"Herrings, sardines, anchovies",Total fishing areas,61004.04
2009,Portugal,"Tunas, bonitos, billfishes",Total fishing areas,11315.47
2009,Portugal,European sprat - Sprattus sprattus,Total fishing areas,0.01
2009,Romania,All aquatic organisms,Total fishing areas,331.8
2009,Romania,"Cods, hakes, haddocks",Total fishing areas,42
2009,Romania,"Herrings, sardines, anchovies",Total fishing areas,113
2009,Romania,European sprat - Sprattus sprattus,Total fishing areas,92
2009,Slovenia,All aquatic organisms,Total fishing areas,861.79
2009,Slovenia,"Salmons, trouts, smelts",Total fishing areas,0
2009,Slovenia,"Cods, hakes, haddocks",Total fishing areas,55.05
2009,Slovenia,"Herrings, sardines, anchovies",Total fishing areas,654.91
2009,Slovenia,"Tunas, bonitos, billfishes",Total fishing areas,2.48
2009,Slovenia,European sprat - Sprattus sprattus,Total fishing areas,12.79
2009,Finland,All aquatic organisms,Total fishing areas,125315.17
2009,Finland,"Salmons, trouts, smelts",Total fishing areas,2232.03
2009,Finland,"Cods, hakes, haddocks",Total fishing areas,880.52
2009,Finland,"Herrings, sardines, anchovies",Total fishing areas,114008.92
2009,Finland,European sprat - Sprattus sprattus,Total fishing areas,23175.99
2009,Sweden,All aquatic organisms,Total fishing areas,201848.9
2009,Sweden,"Salmons, trouts, smelts",Total fishing areas,1453.7
2009,Sweden,"Cods, hakes, haddocks",Total fishing areas,15134.6
2009,Sweden,"Herrings, sardines, anchovies",Total fishing areas,158060
2009,Sweden,European sprat - Sprattus sprattus,Total fishing areas,81825.8
2009,United Kingdom,All aquatic organisms,Total fishing areas,580411.78
2009,United Kingdom,"Salmons, trouts, smelts",Total fishing areas,7.87
2009,United Kingdom,"Cods, hakes, haddocks",Total fishing areas,108686.91
2009,United Kingdom,"Herrings, sardines, anchovies",Total fishing areas,88503.83
2009,United Kingdom,"Tunas, bonitos, billfishes",Total fishing areas,1188.73
2009,United Kingdom,European sprat - Sprattus sprattus,Total fishing areas,5447.61
2009,Iceland,All aquatic organisms,Total fishing areas,1164197.3
2009,Iceland,"Cods, hakes, haddocks",Total fishing areas,475426.1
2009,Iceland,"Herrings, sardines, anchovies",Total fishing areas,331200.1
2009,Norway,All aquatic organisms,Total fishing areas,2479603.01
2009,Norway,"Salmons, trouts, smelts",Total fishing areas,4.03
2009,Norway,"Cods, hakes, haddocks",Total fishing areas,852242.8
2009,Norway,"Herrings, sardines, anchovies",Total fishing areas,1081907
2009,Norway,European sprat - Sprattus sprattus,Total fishing areas,11470
2009,Turkey,All aquatic organisms,Total fishing areas,849776
2009,Turkey,"Cods, hakes, haddocks",Total fishing areas,25448
2009,Turkey,"Herrings, sardines, anchovies",Total fishing areas,576350
2009,Turkey,"Tunas, bonitos, billfishes",Total fishing areas,23946
2009,Turkey,European sprat - Sprattus sprattus,Total fishing areas,106770
2010,European Union (current composition),All aquatic organisms,Total fishing areas,4998905.28
2010,European Union (current composition),"Cods, hakes, haddocks",Total fishing areas,613294.15
2010,European Union (current composition),"Herrings, sardines, anchovies",Total fishing areas,1541739.56
2010,Belgium,All aquatic organisms,Total fishing areas,21904
2010,Belgium,"Cods, hakes, haddocks",Total fishing areas,1992.8
2010,Belgium,"Herrings, sardines, anchovies",Total fishing areas,2.3
2010,Belgium,European sprat - Sprattus sprattus,Total fishing areas,1.1
2010,Bulgaria,All aquatic organisms,Total fishing areas,9681
2010,Bulgaria,"Cods, hakes, haddocks",Total fishing areas,15
2010,Bulgaria,"Herrings, sardines, anchovies",Total fishing areas,4114
2010,Bulgaria,"Tunas, bonitos, billfishes",Total fishing areas,16
2010,Bulgaria,European sprat - Sprattus sprattus,Total fishing areas,4041
2010,Denmark,All aquatic organisms,Total fishing areas,827972.59
2010,Denmark,"Salmons, trouts, smelts",Total fishing areas,201.08
2010,Denmark,"Cods, hakes, haddocks",Total fishing areas,111800.34
2010,Denmark,"Herrings, sardines, anchovies",Total fishing areas,264533.8
2010,Denmark,European sprat - Sprattus sprattus,Total fishing areas,187020.5
2010,Germany (until 1990 former territory of the FRG),All aquatic organisms,Total fishing areas,214888.12
2010,Germany (until 1990 former territory of the FRG),"Salmons, trouts, smelts",Total fishing areas,32
2010,Germany (until 1990 former territory of the FRG),"Cods, hakes, haddocks",Total fishing areas,46849.4
2010,Germany (until 1990 former territory of the FRG),"Herrings, sardines, anchovies",Total fishing areas,60395
2010,Germany (until 1990 former territory of the FRG),European sprat - Sprattus sprattus,Total fishing areas,21092
2010,Estonia,All aquatic organisms,Total fishing areas,92415.84
2010,Estonia,"Salmons, trouts, smelts",Total fishing areas,483.9
2010,Estonia,"Cods, hakes, haddocks",Total fishing areas,2261.89
2010,Estonia,"Herrings, sardines, anchovies",Total fishing areas,76723.4
2010,Estonia,European sprat - Sprattus sprattus,Total fishing areas,47861.6
2010,Ireland,All aquatic organisms,Total fishing areas,318764.66
2010,Ireland,"Cods, hakes, haddocks",Total fishing areas,22117.35
2010,Ireland,"Herrings, sardines, anchovies",Total fishing areas,61966.7
2010,Ireland,"Tunas, bonitos, billfishes",Total fishing areas,875.71
2010,Ireland,European sprat - Sprattus sprattus,Total fishing areas,3200.6
2010,Greece,All aquatic organisms,Total fishing areas,70089.14
2010,Greece,"Cods, hakes, haddocks",Total fishing areas,5369.42
2010,Greece,"Herrings, sardines, anchovies",Total fishing areas,20253.28
2010,Greece,"Tunas, bonitos, billfishes",Total fishing areas,3563.14
2010,Greece,European sprat - Sprattus sprattus,Total fishing areas,235.11
2010,Spain,All aquatic organisms,Total fishing areas,741675.1
2010,Spain,"Salmons, trouts, smelts",Total fishing areas,13.84
2010,Spain,"Cods, hakes, haddocks",Total fishing areas,127256.94
2010,Spain,"Herrings, sardines, anchovies",Total fishing areas,72953.72
2010,Spain,"Tunas, bonitos, billfishes",Total fishing areas,109744.07
2010,Spain,European sprat - Sprattus sprattus,Total fishing areas,2.5
2010,France,All aquatic organisms,Total fishing areas,440013.9
2010,France,"Salmons, trouts, smelts",Total fishing areas,135.7
2010,France,"Cods, hakes, haddocks",Total fishing areas,76690.6
2010,France,"Herrings, sardines, anchovies",Total fishing areas,39959.8
2010,France,"Tunas, bonitos, billfishes",Total fishing areas,90127.8
2010,France,European sprat - Sprattus sprattus,Total fishing areas,206.4
2010,Croatia,All aquatic organisms,Total fishing areas,52396.9
2010,Croatia,"Cods, hakes, haddocks",Total fishing areas,778.1
2010,Croatia,"Herrings, sardines, anchovies",Total fishing areas,44935.1
2010,Croatia,"Tunas, bonitos, billfishes",Total fishing areas,469.9
2010,Croatia,European sprat - Sprattus sprattus,Total fishing areas,110.8
2010,Italy,All aquatic organisms,Total fishing areas,230020.6
2010,Italy,"Cods, hakes, haddocks",Total fishing areas,15110.9
2010,Italy,"Herrings, sardines, anchovies",Total fishing areas,71519.5
2010,Italy,"Tunas, bonitos, billfishes",Total fishing areas,11887.9
2010,Italy,European sprat - Sprattus sprattus,Total fishing areas,163
2010,Cyprus,All aquatic organisms,Total fishing areas,1399.91
2010,Cyprus,"Cods, hakes, haddocks",Total fishing areas,13.9
2010,Cyprus,"Herrings, sardines, anchovies",Total fishing areas,3.2
2010,Cyprus,"Tunas, bonitos, billfishes",Total fishing areas,272.1
2010,Latvia,All aquatic organisms,Total fishing areas,164488.4
2010,Latvia,"Salmons, trouts, smelts",Total fishing areas,1139.2
2010,Latvia,"Cods, hakes, haddocks",Total fishing areas,5167.1
2010,Latvia,"Herrings, sardines, anchovies",Total fishing areas,99602.5
2010,Latvia,"Tunas, bonitos, billfishes",Total fishing areas,1219.4
2010,Latvia,European sprat - Sprattus sprattus,Total fishing areas,45851.1
2010,Lithuania,All aquatic organisms,Total fishing areas,138244.7
2010,Lithuania,"Salmons, trouts, smelts",Total fishing areas,17.5
2010,Lithuania,"Cods, hakes, haddocks",Total fishing areas,3285.8
2010,Lithuania,"Herrings, sardines, anchovies",Total fishing areas,57016.6
2010,Lithuania,"Tunas, bonitos, billfishes",Total fishing areas,5551
2010,Lithuania,European sprat - Sprattus sprattus,Total fishing areas,10223.1
2010,Malta,All aquatic organisms,Total fishing areas,1835.66
2010,Malta,"Cods, hakes, haddocks",Total fishing areas,24.7
2010,Malta,"Herrings, sardines, anchovies",Total fishing areas,5.8
2010,Malta,"Tunas, bonitos, billfishes",Total fishing areas,603.8
2010,Netherlands,All aquatic organisms,Total fishing areas,375961
2010,Netherlands,"Salmons, trouts, smelts",Total fishing areas,401
2010,Netherlands,"Cods, hakes, haddocks",Total fishing areas,39468
2010,Netherlands,"Herrings, sardines, anchovies",Total fishing areas,143780
2010,Netherlands,"Tunas, bonitos, billfishes",Total fishing areas,643
2010,Netherlands,European sprat - Sprattus sprattus,Total fishing areas,1722
2010,Poland,All aquatic organisms,Total fishing areas,130421.66
2010,Poland,"Salmons, trouts, smelts",Total fishing areas,441.61
2010,Poland,"Cods, hakes, haddocks",Total fishing areas,16571.7
2010,Poland,"Herrings, sardines, anchovies",Total fishing areas,90359.2
2010,Poland,"Tunas, bonitos, billfishes",Total fishing areas,20.3
2010,Poland,European sprat - Sprattus sprattus,Total fishing areas,59276.5
2010,Portugal,All aquatic organisms,Total fishing areas,222565
2010,Portugal,"Salmons, trouts, smelts",Total fishing areas,3
2010,Portugal,"Cods, hakes, haddocks",Total fishing areas,14914
2010,Portugal,"Herrings, sardines, anchovies",Total fishing areas,63896
2010,Portugal,"Tunas, bonitos, billfishes",Total fishing areas,21407
2010,Romania,All aquatic organisms,Total fishing areas,230.9
2010,Romania,"Cods, hakes, haddocks",Total fishing areas,10
2010,Romania,"Herrings, sardines, anchovies",Total fishing areas,77
2010,Romania,European sprat - Sprattus sprattus,Total fishing areas,29
2010,Slovenia,All aquatic organisms,Total fishing areas,759.2
2010,Slovenia,"Cods, hakes, haddocks",Total fishing areas,68.68
2010,Slovenia,"Herrings, sardines, anchovies",Total fishing areas,565.87
2010,Slovenia,"Tunas, bonitos, billfishes",Total fishing areas,0.78
2010,Slovenia,European sprat - Sprattus sprattus,Total fishing areas,19.35
2010,Finland,All aquatic organisms,Total fishing areas,127220
2010,Finland,"Salmons, trouts, smelts",Total fishing areas,2040.38
2010,Finland,"Cods, hakes, haddocks",Total fishing areas,1046.23
2010,Finland,"Herrings, sardines, anchovies",Total fishing areas,117368.79
2010,Finland,European sprat - Sprattus sprattus,Total fishing areas,24611.64
2010,Sweden,All aquatic organisms,Total fishing areas,210666.2
2010,Sweden,"Salmons, trouts, smelts",Total fishing areas,1494.5
2010,Sweden,"Cods, hakes, haddocks",Total fishing areas,14438.8
2010,Sweden,"Herrings, sardines, anchovies",Total fishing areas,153720.6
2010,Sweden,European sprat - Sprattus sprattus,Total fishing areas,82604
2010,United Kingdom,All aquatic organisms,Total fishing areas,605290.8
2010,United Kingdom,"Salmons, trouts, smelts",Total fishing areas,4.1
2010,United Kingdom,"Cods, hakes, haddocks",Total fishing areas,108042.5
2010,United Kingdom,"Herrings, sardines, anchovies",Total fishing areas,97987.4
2010,United Kingdom,"Tunas, bonitos, billfishes",Total fishing areas,490.8
2010,United Kingdom,European sprat - Sprattus sprattus,Total fishing areas,6822
2010,Iceland,All aquatic organisms,Total fishing areas,1062586.19
2010,Iceland,"Cods, hakes, haddocks",Total fishing areas,398745.2
2010,Iceland,"Herrings, sardines, anchovies",Total fishing areas,254476
2010,Norway,All aquatic organisms,Total fishing areas,2561988.05
2010,Norway,"Salmons, trouts, smelts",Total fishing areas,271.21
2010,Norway,"Cods, hakes, haddocks",Total fishing areas,937333.52
2010,Norway,"Herrings, sardines, anchovies",Total fishing areas,938388.27
2010,Norway,"Tunas, bonitos, billfishes",Total fishing areas,0.02
2010,Norway,European sprat - Sprattus sprattus,Total fishing areas,14647.04
2010,Turkey,All aquatic organisms,Total fishing areas,891360
2010,Turkey,"Cods, hakes, haddocks",Total fishing areas,29646
2010,Turkey,"Herrings, sardines, anchovies",Total fishing areas,627370
2010,Turkey,"Tunas, bonitos, billfishes",Total fishing areas,25374
2010,Turkey,European sprat - Sprattus sprattus,Total fishing areas,114046
2011,European Union (current composition),All aquatic organisms,Total fishing areas,4832691.82
2011,European Union (current composition),"Cods, hakes, haddocks",Total fishing areas,488836.52
2011,European Union (current composition),"Herrings, sardines, anchovies",Total fishing areas,1508448.24
2011,Belgium,All aquatic organisms,Total fishing areas,22190.6
2011,Belgium,"Cods, hakes, haddocks",Total fishing areas,2026.2
2011,Belgium,"Herrings, sardines, anchovies",Total fishing areas,3.3
2011,Belgium,European sprat - Sprattus sprattus,Total fishing areas,0.1
2011,Bulgaria,All aquatic organisms,Total fishing areas,8956.31
2011,Bulgaria,"Cods, hakes, haddocks",Total fishing areas,1.38
2011,Bulgaria,"Herrings, sardines, anchovies",Total fishing areas,3976.63
2011,Bulgaria,"Tunas, bonitos, billfishes",Total fishing areas,8.23
2011,Bulgaria,European sprat - Sprattus sprattus,Total fishing areas,3954.52
2011,Denmark,All aquatic organisms,Total fishing areas,716231.59
2011,Denmark,"Salmons, trouts, smelts",Total fishing areas,132.61
2011,Denmark,"Cods, hakes, haddocks",Total fishing areas,43306.29
2011,Denmark,"Herrings, sardines, anchovies",Total fishing areas,249157.03
2011,Denmark,European sprat - Sprattus sprattus,Total fishing areas,163220.03
2011,Germany (until 1990 former territory of the FRG),All aquatic organisms,Total fishing areas,217704.93
2011,Germany (until 1990 former territory of the FRG),"Salmons, trouts, smelts",Total fishing areas,59.81
2011,Germany (until 1990 former territory of the FRG),"Cods, hakes, haddocks",Total fishing areas,31798.74
2011,Germany (until 1990 former territory of the FRG),"Herrings, sardines, anchovies",Total fishing areas,73972.11
2011,Germany (until 1990 former territory of the FRG),"Tunas, bonitos, billfishes",Total fishing areas,770.15
2011,Germany (until 1990 former territory of the FRG),European sprat - Sprattus sprattus,Total fishing areas,14674.44
2011,Estonia,All aquatic organisms,Total fishing areas,78631.85
2011,Estonia,"Salmons, trouts, smelts",Total fishing areas,231.95
2011,Estonia,"Cods, hakes, haddocks",Total fishing areas,2889.76
2011,Estonia,"Herrings, sardines, anchovies",Total fishing areas,60301.54
2011,Estonia,European sprat - Sprattus sprattus,Total fishing areas,34976.3
2011,Ireland,All aquatic organisms,Total fishing areas,206177.33
2011,Ireland,"Cods, hakes, haddocks",Total fishing areas,16221.43
2011,Ireland,"Herrings, sardines, anchovies",Total fishing areas,30011.04
2011,Ireland,"Tunas, bonitos, billfishes",Total fishing areas,3604.27
2011,Ireland,European sprat - Sprattus sprattus,Total fishing areas,3930.8
2011,Greece,All aquatic organisms,Total fishing areas,62847.36
2011,Greece,"Cods, hakes, haddocks",Total fishing areas,4780.9
2011,Greece,"Herrings, sardines, anchovies",Total fishing areas,16069.8
2011,Greece,"Tunas, bonitos, billfishes",Total fishing areas,3380.68
2011,Greece,European sprat - Sprattus sprattus,Total fishing areas,85.1
2011,Spain,All aquatic organisms,Total fishing areas,798558.55
2011,Spain,"Salmons, trouts, smelts",Total fishing areas,25.59
2011,Spain,"Cods, hakes, haddocks",Total fishing areas,117985.42
2011,Spain,"Herrings, sardines, anchovies",Total fishing areas,88142.1
2011,Spain,"Tunas, bonitos, billfishes",Total fishing areas,166530.04
2011,Spain,European sprat - Sprattus sprattus,Total fishing areas,0.41
2011,France,All aquatic organisms,Total fishing areas,486847.7
2011,France,"Salmons, trouts, smelts",Total fishing areas,98.7
2011,France,"Cods, hakes, haddocks",Total fishing areas,93528.09
2011,France,"Herrings, sardines, anchovies",Total fishing areas,43579.93
2011,France,"Tunas, bonitos, billfishes",Total fishing areas,87768.35
2011,France,European sprat - Sprattus sprattus,Total fishing areas,72.55
2011,Croatia,All aquatic organisms,Total fishing areas,70534.02
2011,Croatia,"Cods, hakes, haddocks",Total fishing areas,946.26
2011,Croatia,"Herrings, sardines, anchovies",Total fishing areas,60574.33
2011,Croatia,"Tunas, bonitos, billfishes",Total fishing areas,467.23
2011,Croatia,European sprat - Sprattus sprattus,Total fishing areas,61.94
2011,Italy,All aquatic organisms,Total fishing areas,212729.6
2011,Italy,"Cods, hakes, haddocks",Total fishing areas,13831.2
2011,Italy,"Herrings, sardines, anchovies",Total fishing areas,61217.6
2011,Italy,"Tunas, bonitos, billfishes",Total fishing areas,12120.9
2011,Italy,European sprat - Sprattus sprattus,Total fishing areas,99.7
2011,Cyprus,All aquatic organisms,Total fishing areas,1162.9
2011,Cyprus,"Cods, hakes, haddocks",Total fishing areas,8.7
2011,Cyprus,"Herrings, sardines, anchovies",Total fishing areas,2.8
2011,Cyprus,"Tunas, bonitos, billfishes",Total fishing areas,296.3
2011,Latvia,All aquatic organisms,Total fishing areas,156130.15
2011,Latvia,"Salmons, trouts, smelts",Total fishing areas,1483.2
2011,Latvia,"Cods, hakes, haddocks",Total fishing areas,5049
2011,Latvia,"Herrings, sardines, anchovies",Total fishing areas,102614.59
2011,Latvia,"Tunas, bonitos, billfishes",Total fishing areas,2374.3
2011,Latvia,European sprat - Sprattus sprattus,Total fishing areas,33055.88
2011,Lithuania,All aquatic organisms,Total fishing areas,137085
2011,Lithuania,"Salmons, trouts, smelts",Total fishing areas,36
2011,Lithuania,"Cods, hakes, haddocks",Total fishing areas,3165.31
2011,Lithuania,"Herrings, sardines, anchovies",Total fishing areas,74093
2011,Lithuania,"Tunas, bonitos, billfishes",Total fishing areas,2319
2011,Lithuania,European sprat - Sprattus sprattus,Total fishing areas,9730
2011,Malta,All aquatic organisms,Total fishing areas,1919.86
2011,Malta,"Cods, hakes, haddocks",Total fishing areas,28.73
2011,Malta,"Herrings, sardines, anchovies",Total fishing areas,8.54
2011,Malta,"Tunas, bonitos, billfishes",Total fishing areas,708.21
2011,Netherlands,All aquatic organisms,Total fishing areas,364953
2011,Netherlands,"Salmons, trouts, smelts",Total fishing areas,114
2011,Netherlands,"Cods, hakes, haddocks",Total fishing areas,8229
2011,Netherlands,"Herrings, sardines, anchovies",Total fishing areas,150817
2011,Netherlands,"Tunas, bonitos, billfishes",Total fishing areas,2267
2011,Netherlands,European sprat - Sprattus sprattus,Total fishing areas,6144
2011,Poland,All aquatic organisms,Total fishing areas,175606.38
2011,Poland,"Salmons, trouts, smelts",Total fishing areas,287.63
2011,Poland,"Cods, hakes, haddocks",Total fishing areas,16925.75
2011,Poland,"Herrings, sardines, anchovies",Total fishing areas,118955.78
2011,Poland,"Tunas, bonitos, billfishes",Total fishing areas,608.06
2011,Poland,European sprat - Sprattus sprattus,Total fishing areas,56489.63
2011,Portugal,All aquatic organisms,Total fishing areas,213905.14
2011,Portugal,"Salmons, trouts, smelts",Total fishing areas,7.71
2011,Portugal,"Cods, hakes, haddocks",Total fishing areas,14365.77
2011,Portugal,"Herrings, sardines, anchovies",Total fishing areas,60207.42
2011,Portugal,"Tunas, bonitos, billfishes",Total fishing areas,16118.11
2011,Romania,All aquatic organisms,Total fishing areas,537.2
2011,Romania,"Cods, hakes, haddocks",Total fishing areas,0.2
2011,Romania,"Herrings, sardines, anchovies",Total fishing areas,173
2011,Romania,European sprat - Sprattus sprattus,Total fishing areas,132
2011,Slovenia,All aquatic organisms,Total fishing areas,714.07
2011,Slovenia,"Cods, hakes, haddocks",Total fishing areas,56.2
2011,Slovenia,"Herrings, sardines, anchovies",Total fishing areas,474.95
2011,Slovenia,"Tunas, bonitos, billfishes",Total fishing areas,0
2011,Slovenia,European sprat - Sprattus sprattus,Total fishing areas,5.67
2011,Finland,All aquatic organisms,Total fishing areas,124827.45
2011,Finland,"Salmons, trouts, smelts",Total fishing areas,2632.66
2011,Finland,"Cods, hakes, haddocks",Total fishing areas,1118.8
2011,Finland,"Herrings, sardines, anchovies",Total fishing areas,113774.15
2011,Finland,European sprat - Sprattus sprattus,Total fishing areas,15772.46
2011,Sweden,All aquatic organisms,Total fishing areas,179836.3
2011,Sweden,"Salmons, trouts, smelts",Total fishing areas,1646.3
2011,Sweden,"Cods, hakes, haddocks",Total fishing areas,15431.6
2011,Sweden,"Herrings, sardines, anchovies",Total fishing areas,121453.5
2011,Sweden,European sprat - Sprattus sprattus,Total fishing areas,60574.3
2011,United Kingdom,All aquatic organisms,Total fishing areas,594604.53
2011,United Kingdom,"Salmons, trouts, smelts",Total fishing areas,12.32
2011,United Kingdom,"Cods, hakes, haddocks",Total fishing areas,97141.79
2011,United Kingdom,"Herrings, sardines, anchovies",Total fishing areas,78868.11
2011,United Kingdom,"Tunas, bonitos, billfishes",Total fishing areas,511.53
2011,United Kingdom,European sprat - Sprattus sprattus,Total fishing areas,7271.3
2011,Iceland,All aquatic organisms,Total fishing areas,1153812.03
2011,Iceland,"Cods, hakes, haddocks",Total fishing areas,322749.53
2011,Iceland,"Herrings, sardines, anchovies",Total fishing areas,198462.73
2011,Iceland,"Tunas, bonitos, billfishes",Total fishing areas,2.35
2011,Norway,All aquatic organisms,Total fishing areas,2178091.63
2011,Norway,"Salmons, trouts, smelts",Total fishing areas,12.49
2011,Norway,"Cods, hakes, haddocks",Total fishing areas,750097.21
2011,Norway,"Herrings, sardines, anchovies",Total fishing areas,645938.03
2011,Norway,European sprat - Sprattus sprattus,Total fishing areas,12357.19
2011,Turkey,All aquatic organisms,Total fishing areas,477658.4
2011,Turkey,"Cods, hakes, haddocks",Total fishing areas,10391.2
2011,Turkey,"Herrings, sardines, anchovies",Total fishing areas,350340.8
2011,Turkey,"Tunas, bonitos, billfishes",Total fishing areas,16120.9
2011,Turkey,European sprat - Sprattus sprattus,Total fishing areas,87140.8
2012,European Union (current composition),All aquatic organisms,Total fishing areas,4419339.64
2012,European Union (current composition),"Cods, hakes, haddocks",Total fishing areas,557749.73
2012,European Union (current composition),"Herrings, sardines, anchovies",Total fishing areas,1389243.58
2012,Belgium,All aquatic organisms,Total fishing areas,24371.2
2012,Belgium,"Cods, hakes, haddocks",Total fishing areas,2324.8
2012,Belgium,"Herrings, sardines, anchovies",Total fishing areas,4.8
2012,Belgium,European sprat - Sprattus sprattus,Total fishing areas,1
2012,Bulgaria,All aquatic organisms,Total fishing areas,8153.25
2012,Bulgaria,"Cods, hakes, haddocks",Total fishing areas,1.44
2012,Bulgaria,"Herrings, sardines, anchovies",Total fishing areas,2843.83
2012,Bulgaria,"Tunas, bonitos, billfishes",Total fishing areas,96.08
2012,Bulgaria,European sprat - Sprattus sprattus,Total fishing areas,2830.41
2012,Denmark,All aquatic organisms,Total fishing areas,502631.63
2012,Denmark,"Salmons, trouts, smelts",Total fishing areas,195.08
2012,Denmark,"Cods, hakes, haddocks",Total fishing areas,65991.21
2012,Denmark,"Herrings, sardines, anchovies",Total fishing areas,236862.39
2012,Denmark,European sprat - Sprattus sprattus,Total fishing areas,111705.76
2012,Germany (until 1990 former territory of the FRG),All aquatic organisms,Total fishing areas,205384.49
2012,Germany (until 1990 former territory of the FRG),"Salmons, trouts, smelts",Total fishing areas,61.24
2012,Germany (until 1990 former territory of the FRG),"Cods, hakes, haddocks",Total fishing areas,37447.6
2012,Germany (until 1990 former territory of the FRG),"Herrings, sardines, anchovies",Total fishing areas,77621.18
2012,Germany (until 1990 former territory of the FRG),"Tunas, bonitos, billfishes",Total fishing areas,9.23
2012,Germany (until 1990 former territory of the FRG),European sprat - Sprattus sprattus,Total fishing areas,11740.38
2012,Estonia,All aquatic organisms,Total fishing areas,63536.88
2012,Estonia,"Salmons, trouts, smelts",Total fishing areas,449.45
2012,Estonia,"Cods, hakes, haddocks",Total fishing areas,2572.49
2012,Estonia,"Herrings, sardines, anchovies",Total fishing areas,49744.67
2012,Estonia,European sprat - Sprattus sprattus,Total fishing areas,27697.27
2012,Ireland,All aquatic organisms,Total fishing areas,275916.8
2012,Ireland,"Cods, hakes, haddocks",Total fishing areas,26249.75
2012,Ireland,"Herrings, sardines, anchovies",Total fishing areas,38453.54
2012,Ireland,"Tunas, bonitos, billfishes",Total fishing areas,3688.54
2012,Ireland,European sprat - Sprattus sprattus,Total fishing areas,9726.48
2012,Greece,All aquatic organisms,Total fishing areas,60725.53
2012,Greece,"Cods, hakes, haddocks",Total fishing areas,4694.66
2012,Greece,"Herrings, sardines, anchovies",Total fishing areas,16035.04
2012,Greece,"Tunas, bonitos, billfishes",Total fishing areas,2933.36
2012,Greece,European sprat - Sprattus sprattus,Total fishing areas,83.66
2012,Spain,All aquatic organisms,Total fishing areas,757827.64
2012,Spain,"Salmons, trouts, smelts",Total fishing areas,18.04
2012,Spain,"Cods, hakes, haddocks",Total fishing areas,116751.82
2012,Spain,"Herrings, sardines, anchovies",Total fishing areas,83225.06
2012,Spain,"Tunas, bonitos, billfishes",Total fishing areas,200685.57
2012,Spain,European sprat - Sprattus sprattus,Total fishing areas,1.75
2012,France,All aquatic organisms,Total fishing areas,461196.38
2012,France,"Salmons, trouts, smelts",Total fishing areas,96.38
2012,France,"Cods, hakes, haddocks",Total fishing areas,85440.72
2012,France,"Herrings, sardines, anchovies",Total fishing areas,53559.33
2012,France,"Tunas, bonitos, billfishes",Total fishing areas,80569.3
2012,France,European sprat - Sprattus sprattus,Total fishing areas,172.17
2012,Croatia,All aquatic organisms,Total fishing areas,63599.02
2012,Croatia,"Cods, hakes, haddocks",Total fishing areas,1145.44
2012,Croatia,"Herrings, sardines, anchovies",Total fishing areas,52253.94
2012,Croatia,"Tunas, bonitos, billfishes",Total fishing areas,453.6
2012,Croatia,European sprat - Sprattus sprattus,Total fishing areas,141.97
2012,Italy,All aquatic organisms,Total fishing areas,195996.2
2012,Italy,"Cods, hakes, haddocks",Total fishing areas,12043.4
2012,Italy,"Herrings, sardines, anchovies",Total fishing areas,63454.2
2012,Italy,"Tunas, bonitos, billfishes",Total fishing areas,8993.4
2012,Italy,European sprat - Sprattus sprattus,Total fishing areas,35.1
2012,Cyprus,All aquatic organisms,Total fishing areas,1297.17
2012,Cyprus,"Cods, hakes, haddocks",Total fishing areas,10.95
2012,Cyprus,"Herrings, sardines, anchovies",Total fishing areas,11.28
2012,Cyprus,"Tunas, bonitos, billfishes",Total fishing areas,386.19
2012,Latvia,All aquatic organisms,Total fishing areas,89501.11
2012,Latvia,"Salmons, trouts, smelts",Total fishing areas,1549.85
2012,Latvia,"Cods, hakes, haddocks",Total fishing areas,4291.85
2012,Latvia,"Herrings, sardines, anchovies",Total fishing areas,65545.84
2012,Latvia,"Tunas, bonitos, billfishes",Total fishing areas,48.8
2012,Latvia,European sprat - Sprattus sprattus,Total fishing areas,30719.45
2012,Lithuania,All aquatic organisms,Total fishing areas,70195.04
2012,Lithuania,"Salmons, trouts, smelts",Total fishing areas,0.85
2012,Lithuania,"Cods, hakes, haddocks",Total fishing areas,3220.27
2012,Lithuania,"Herrings, sardines, anchovies",Total fishing areas,35364.1
2012,Lithuania,"Tunas, bonitos, billfishes",Total fishing areas,671.3
2012,Lithuania,European sprat - Sprattus sprattus,Total fishing areas,11245.33
2012,Malta,All aquatic organisms,Total fishing areas,2203.86
2012,Malta,"Cods, hakes, haddocks",Total fishing areas,40.01
2012,Malta,"Herrings, sardines, anchovies",Total fishing areas,226.31
2012,Malta,"Tunas, bonitos, billfishes",Total fishing areas,689.12
2012,Netherlands,All aquatic organisms,Total fishing areas,345244
2012,Netherlands,"Salmons, trouts, smelts",Total fishing areas,215
2012,Netherlands,"Cods, hakes, haddocks",Total fishing areas,31299
2012,Netherlands,"Herrings, sardines, anchovies",Total fishing areas,126469
2012,Netherlands,"Tunas, bonitos, billfishes",Total fishing areas,110
2012,Netherlands,European sprat - Sprattus sprattus,Total fishing areas,3899
2012,Poland,All aquatic organisms,Total fishing areas,179694.41
2012,Poland,"Salmons, trouts, smelts",Total fishing areas,234.85
2012,Poland,"Cods, hakes, haddocks",Total fishing areas,19376.82
2012,Poland,"Herrings, sardines, anchovies",Total fishing areas,103751.61
2012,Poland,"Tunas, bonitos, billfishes",Total fishing areas,76.73
2012,Poland,European sprat - Sprattus sprattus,Total fishing areas,63115.19
2012,Portugal,All aquatic organisms,Total fishing areas,196055.72
2012,Portugal,"Salmons, trouts, smelts",Total fishing areas,1.12
2012,Portugal,"Cods, hakes, haddocks",Total fishing areas,16096.42
2012,Portugal,"Herrings, sardines, anchovies",Total fishing areas,33130.65
2012,Portugal,"Tunas, bonitos, billfishes",Total fishing areas,14944.34
2012,Portugal,European sprat - Sprattus sprattus,Total fishing areas,0.03
2012,Romania,All aquatic organisms,Total fishing areas,810.7
2012,Romania,"Cods, hakes, haddocks",Total fishing areas,0.4
2012,Romania,"Herrings, sardines, anchovies",Total fishing areas,106.4
2012,Romania,European sprat - Sprattus sprattus,Total fishing areas,87.4
2012,Slovenia,All aquatic organisms,Total fishing areas,323.54
2012,Slovenia,"Cods, hakes, haddocks",Total fishing areas,80.87
2012,Slovenia,"Herrings, sardines, anchovies",Total fishing areas,63.92
2012,Slovenia,"Tunas, bonitos, billfishes",Total fishing areas,0
2012,Slovenia,European sprat - Sprattus sprattus,Total fishing areas,1.95
2012,Finland,All aquatic organisms,Total fishing areas,138068.87
2012,Finland,"Salmons, trouts, smelts",Total fishing areas,2309.56
2012,Finland,"Cods, hakes, haddocks",Total fishing areas,1693.22
2012,Finland,"Herrings, sardines, anchovies",Total fishing areas,126490.76
2012,Finland,European sprat - Sprattus sprattus,Total fishing areas,8970.08
2012,Sweden,All aquatic organisms,Total fishing areas,150119.3
2012,Sweden,"Salmons, trouts, smelts",Total fishing areas,1753.8
2012,Sweden,"Cods, hakes, haddocks",Total fishing areas,15358.3
2012,Sweden,"Herrings, sardines, anchovies",Total fishing areas,117664.9
2012,Sweden,European sprat - Sprattus sprattus,Total fishing areas,50697.2
2012,United Kingdom,All aquatic organisms,Total fishing areas,626486.9
2012,United Kingdom,"Salmons, trouts, smelts",Total fishing areas,8.9
2012,United Kingdom,"Cods, hakes, haddocks",Total fishing areas,111618.3
2012,United Kingdom,"Herrings, sardines, anchovies",Total fishing areas,106360.8
2012,United Kingdom,"Tunas, bonitos, billfishes",Total fishing areas,876.3
2012,United Kingdom,European sprat - Sprattus sprattus,Total fishing areas,7283.9
2012,Iceland,All aquatic organisms,Total fishing areas,1452331.7
2012,Iceland,"Cods, hakes, haddocks",Total fishing areas,390781.3
2012,Iceland,"Herrings, sardines, anchovies",Total fishing areas,193319
2012,Iceland,"Tunas, bonitos, billfishes",Total fishing areas,5
2012,Norway,All aquatic organisms,Total fishing areas,2046923.68
2012,Norway,"Salmons, trouts, smelts",Total fishing areas,265.37
2012,Norway,"Cods, hakes, haddocks",Total fishing areas,853508.96
2012,Norway,"Herrings, sardines, anchovies",Total fishing areas,621077.27
2012,Norway,European sprat - Sprattus sprattus,Total fishing areas,10364.04
2012,Turkey,All aquatic organisms,Total fishing areas,396322
2012,Turkey,"Cods, hakes, haddocks",Total fishing areas,8269
2012,Turkey,"Herrings, sardines, anchovies",Total fishing areas,204321.6
2012,Turkey,"Tunas, bonitos, billfishes",Total fishing areas,38993
2012,Turkey,European sprat - Sprattus sprattus,Total fishing areas,12091.7
2013,European Union (current composition),All aquatic organisms,Total fishing areas,4828990.3
2013,European Union (current composition),"Cods, hakes, haddocks",Total fishing areas,651140.02
2013,European Union (current composition),"Herrings, sardines, anchovies",Total fishing areas,1389187.73
2013,Belgium,All aquatic organisms,Total fishing areas,25377.4
2013,Belgium,"Cods, hakes, haddocks",Total fishing areas,2435.5
2013,Belgium,"Herrings, sardines, anchovies",Total fishing areas,23.4
2013,Belgium,European sprat - Sprattus sprattus,Total fishing areas,1
2013,Bulgaria,All aquatic organisms,Total fishing areas,9534.54
2013,Bulgaria,"Cods, hakes, haddocks",Total fishing areas,5.31
2013,Bulgaria,"Herrings, sardines, anchovies",Total fishing areas,3805.09
2013,Bulgaria,"Tunas, bonitos, billfishes",Total fishing areas,6.13
2013,Bulgaria,European sprat - Sprattus sprattus,Total fishing areas,3794.15
2013,Denmark,All aquatic organisms,Total fishing areas,668338.23
2013,Denmark,"Salmons, trouts, smelts",Total fishing areas,299.94
2013,Denmark,"Cods, hakes, haddocks",Total fishing areas,73776.23
2013,Denmark,"Herrings, sardines, anchovies",Total fishing areas,237454.48
2013,Denmark,European sprat - Sprattus sprattus,Total fishing areas,96386.17
2013,Germany (until 1990 former territory of the FRG),All aquatic organisms,Total fishing areas,219000.5
2013,Germany (until 1990 former territory of the FRG),"Salmons, trouts, smelts",Total fishing areas,48.98
2013,Germany (until 1990 former territory of the FRG),"Cods, hakes, haddocks",Total fishing areas,39217.94
2013,Germany (until 1990 former territory of the FRG),"Herrings, sardines, anchovies",Total fishing areas,84305.64
2013,Germany (until 1990 former territory of the FRG),European sprat - Sprattus sprattus,Total fishing areas,11898.68
2013,Estonia,All aquatic organisms,Total fishing areas,66763.49
2013,Estonia,"Salmons, trouts, smelts",Total fishing areas,564.05
2013,Estonia,"Cods, hakes, haddocks",Total fishing areas,1108.64
2013,Estonia,"Herrings, sardines, anchovies",Total fishing areas,51745.65
2013,Estonia,European sprat - Sprattus sprattus,Total fishing areas,29805.07
2013,Ireland,All aquatic organisms,Total fishing areas,246240.08
2013,Ireland,"Cods, hakes, haddocks",Total fishing areas,31636.04
2013,Ireland,"Herrings, sardines, anchovies",Total fishing areas,28882.49
2013,Ireland,"Tunas, bonitos, billfishes",Total fishing areas,2246.94
2013,Ireland,European sprat - Sprattus sprattus,Total fishing areas,5453.72
2013,Greece,All aquatic organisms,Total fishing areas,63638.21
2013,Greece,"Cods, hakes, haddocks",Total fishing areas,6009.89
2013,Greece,"Herrings, sardines, anchovies",Total fishing areas,17005.17
2013,Greece,"Tunas, bonitos, billfishes",Total fishing areas,3967.97
2013,Greece,European sprat - Sprattus sprattus,Total fishing areas,71.81
2013,Spain,All aquatic organisms,Total fishing areas,904125.82
2013,Spain,"Salmons, trouts, smelts",Total fishing areas,4.76
2013,Spain,"Cods, hakes, haddocks",Total fishing areas,145135.44
2013,Spain,"Herrings, sardines, anchovies",Total fishing areas,85406.49
2013,Spain,"Tunas, bonitos, billfishes",Total fishing areas,272337.44
2013,Spain,European sprat - Sprattus sprattus,Total fishing areas,1.02
2013,France,All aquatic organisms,Total fishing areas,528731.84
2013,France,"Salmons, trouts, smelts",Total fishing areas,60.95
2013,France,"Cods, hakes, haddocks",Total fishing areas,102313.15
2013,France,"Herrings, sardines, anchovies",Total fishing areas,62689.19
2013,France,"Tunas, bonitos, billfishes",Total fishing areas,89148.99
2013,France,European sprat - Sprattus sprattus,Total fishing areas,2.24
2013,Croatia,All aquatic organisms,Total fishing areas,75267.23
2013,Croatia,"Cods, hakes, haddocks",Total fishing areas,1328.86
2013,Croatia,"Herrings, sardines, anchovies",Total fishing areas,62128.2
2013,Croatia,"Tunas, bonitos, billfishes",Total fishing areas,526.65
2013,Croatia,European sprat - Sprattus sprattus,Total fishing areas,65.47
2013,Italy,All aquatic organisms,Total fishing areas,172906.5
2013,Italy,"Cods, hakes, haddocks",Total fishing areas,12424.6
2013,Italy,"Herrings, sardines, anchovies",Total fishing areas,52747.1
2013,Italy,"Tunas, bonitos, billfishes",Total fishing areas,8150.4
2013,Italy,European sprat - Sprattus sprattus,Total fishing areas,97.1
2013,Cyprus,All aquatic organisms,Total fishing areas,1165.6
2013,Cyprus,"Cods, hakes, haddocks",Total fishing areas,10.6
2013,Cyprus,"Herrings, sardines, anchovies",Total fishing areas,16.2
2013,Cyprus,"Tunas, bonitos, billfishes",Total fishing areas,436.8
2013,Latvia,All aquatic organisms,Total fishing areas,115759.26
2013,Latvia,"Salmons, trouts, smelts",Total fishing areas,2536.61
2013,Latvia,"Cods, hakes, haddocks",Total fishing areas,2582.5
2013,Latvia,"Herrings, sardines, anchovies",Total fishing areas,65071.45
2013,Latvia,"Tunas, bonitos, billfishes",Total fishing areas,47.7
2013,Latvia,European sprat - Sprattus sprattus,Total fishing areas,33309.8
2013,Lithuania,All aquatic organisms,Total fishing areas,74802.81
2013,Lithuania,"Salmons, trouts, smelts",Total fishing areas,107.29
2013,Lithuania,"Cods, hakes, haddocks",Total fishing areas,1794.43
2013,Lithuania,"Herrings, sardines, anchovies",Total fishing areas,19205.14
2013,Lithuania,"Tunas, bonitos, billfishes",Total fishing areas,361.02
2013,Lithuania,European sprat - Sprattus sprattus,Total fishing areas,5775.14
2013,Malta,All aquatic organisms,Total fishing areas,2354.94
2013,Malta,"Cods, hakes, haddocks",Total fishing areas,30.85
2013,Malta,"Herrings, sardines, anchovies",Total fishing areas,219.27
2013,Malta,"Tunas, bonitos, billfishes",Total fishing areas,742.87
2013,Netherlands,All aquatic organisms,Total fishing areas,324370
2013,Netherlands,"Salmons, trouts, smelts",Total fishing areas,164
2013,Netherlands,"Cods, hakes, haddocks",Total fishing areas,55144
2013,Netherlands,"Herrings, sardines, anchovies",Total fishing areas,102155
2013,Netherlands,"Tunas, bonitos, billfishes",Total fishing areas,2
2013,Netherlands,European sprat - Sprattus sprattus,Total fishing areas,1140
2013,Poland,All aquatic organisms,Total fishing areas,195477.15
2013,Poland,"Salmons, trouts, smelts",Total fishing areas,213.51
2013,Poland,"Cods, hakes, haddocks",Total fishing areas,19611.48
2013,Poland,"Herrings, sardines, anchovies",Total fishing areas,121970.88
2013,Poland,"Tunas, bonitos, billfishes",Total fishing areas,233.87
2013,Poland,European sprat - Sprattus sprattus,Total fishing areas,80987.74
2013,Portugal,All aquatic organisms,Total fishing areas,194609.64
2013,Portugal,"Salmons, trouts, smelts",Total fishing areas,1.05
2013,Portugal,"Cods, hakes, haddocks",Total fishing areas,18690.31
2013,Portugal,"Herrings, sardines, anchovies",Total fishing areas,28239.74
2013,Portugal,"Tunas, bonitos, billfishes",Total fishing areas,13960.53
2013,Portugal,European sprat - Sprattus sprattus,Total fishing areas,0.02
2013,Romania,All aquatic organisms,Total fishing areas,1617.4
2013,Romania,"Cods, hakes, haddocks",Total fishing areas,1.12
2013,Romania,"Herrings, sardines, anchovies",Total fishing areas,170.98
2013,Romania,European sprat - Sprattus sprattus,Total fishing areas,60
2013,Slovenia,All aquatic organisms,Total fishing areas,232.33
2013,Slovenia,"Salmons, trouts, smelts",Total fishing areas,0
2013,Slovenia,"Cods, hakes, haddocks",Total fishing areas,57.68
2013,Slovenia,"Herrings, sardines, anchovies",Total fishing areas,52.18
2013,Slovenia,"Tunas, bonitos, billfishes",Total fishing areas,0
2013,Slovenia,European sprat - Sprattus sprattus,Total fishing areas,2.32
2013,Finland,All aquatic organisms,Total fishing areas,144297
2013,Finland,"Salmons, trouts, smelts",Total fishing areas,2874
2013,Finland,"Cods, hakes, haddocks",Total fishing areas,454
2013,Finland,"Herrings, sardines, anchovies",Total fishing areas,133404
2013,Finland,European sprat - Sprattus sprattus,Total fishing areas,11086
2013,Sweden,All aquatic organisms,Total fishing areas,176788.6
2013,Sweden,"Salmons, trouts, smelts",Total fishing areas,1804.1
2013,Sweden,"Cods, hakes, haddocks",Total fishing areas,10004.7
2013,Sweden,"Herrings, sardines, anchovies",Total fishing areas,130133.7
2013,Sweden,European sprat - Sprattus sprattus,Total fishing areas,52909.2
2013,United Kingdom,All aquatic organisms,Total fishing areas,617591.73
2013,United Kingdom,"Salmons, trouts, smelts",Total fishing areas,8.65
2013,United Kingdom,"Cods, hakes, haddocks",Total fishing areas,127366.76
2013,United Kingdom,"Herrings, sardines, anchovies",Total fishing areas,102356.3
2013,United Kingdom,"Tunas, bonitos, billfishes",Total fishing areas,609.19
2013,United Kingdom,European sprat - Sprattus sprattus,Total fishing areas,4800.16
2013,Iceland,All aquatic organisms,Total fishing areas,1383638.11
2013,Iceland,"Salmons, trouts, smelts",Total fishing areas,0.01
2013,Iceland,"Cods, hakes, haddocks",Total fishing areas,465402.4
2013,Iceland,"Herrings, sardines, anchovies",Total fishing areas,157537
2013,Iceland,"Tunas, bonitos, billfishes",Total fishing areas,4
2013,Norway,All aquatic organisms,Total fishing areas,1943911.72
2013,Norway,"Salmons, trouts, smelts",Total fishing areas,197.54
2013,Norway,"Cods, hakes, haddocks",Total fishing areas,998311.55
2013,Norway,"Herrings, sardines, anchovies",Total fishing areas,510055.39
2013,Norway,"Tunas, bonitos, billfishes",Total fishing areas,0.31
2013,Norway,European sprat - Sprattus sprattus,Total fishing areas,2936.26
2013,Turkey,All aquatic organisms,Total fishing areas,339046.9
2013,Turkey,"Cods, hakes, haddocks",Total fishing areas,10087
2013,Turkey,"Herrings, sardines, anchovies",Total fishing areas,213298.2
2013,Turkey,"Tunas, bonitos, billfishes",Total fishing areas,16125.5
2013,Turkey,European sprat - Sprattus sprattus,Total fishing areas,9764
2014,European Union (current composition),All aquatic organisms,Total fishing areas,5382309.7
2014,European Union (current composition),"Cods, hakes, haddocks",Total fishing areas,733162.89
2014,European Union (current composition),"Herrings, sardines, anchovies",Total fishing areas,1545435.12
2014,Belgium,All aquatic organisms,Total fishing areas,26508.6
2014,Belgium,"Cods, hakes, haddocks",Total fishing areas,2766.3
2014,Belgium,"Herrings, sardines, anchovies",Total fishing areas,29.6
2014,Belgium,European sprat - Sprattus sprattus,Total fishing areas,0.4
2014,Bulgaria,All aquatic organisms,Total fishing areas,8564.9
2014,Bulgaria,"Cods, hakes, haddocks",Total fishing areas,4.1
2014,Bulgaria,"Herrings, sardines, anchovies",Total fishing areas,2660
2014,Bulgaria,"Tunas, bonitos, billfishes",Total fishing areas,5.5
2014,Bulgaria,European sprat - Sprattus sprattus,Total fishing areas,2287.2
2014,Denmark,All aquatic organisms,Total fishing areas,745019.28
2014,Denmark,"Salmons, trouts, smelts",Total fishing areas,171.29
2014,Denmark,"Cods, hakes, haddocks",Total fishing areas,97763.41
2014,Denmark,"Herrings, sardines, anchovies",Total fishing areas,326940.41
2014,Denmark,European sprat - Sprattus sprattus,Total fishing areas,190354.34
2014,Germany (until 1990 former territory of the FRG),All aquatic organisms,Total fishing areas,216165.87
2014,Germany (until 1990 former territory of the FRG),"Salmons, trouts, smelts",Total fishing areas,34
2014,Germany (until 1990 former territory of the FRG),"Cods, hakes, haddocks",Total fishing areas,51765.46
2014,Germany (until 1990 former territory of the FRG),"Herrings, sardines, anchovies",Total fishing areas,70048.44
2014,Germany (until 1990 former territory of the FRG),"Tunas, bonitos, billfishes",Total fishing areas,5.66
2014,Germany (until 1990 former territory of the FRG),European sprat - Sprattus sprattus,Total fishing areas,11709.57
2014,Estonia,All aquatic organisms,Total fishing areas,66103.39
2014,Estonia,"Salmons, trouts, smelts",Total fishing areas,279.83
2014,Estonia,"Cods, hakes, haddocks",Total fishing areas,1443.44
2014,Estonia,"Herrings, sardines, anchovies",Total fishing areas,51628.32
2014,Estonia,European sprat - Sprattus sprattus,Total fishing areas,28498.26
2014,Ireland,All aquatic organisms,Total fishing areas,276847.16
2014,Ireland,"Cods, hakes, haddocks",Total fishing areas,38780.84
2014,Ireland,"Herrings, sardines, anchovies",Total fishing areas,27047.42
2014,Ireland,"Tunas, bonitos, billfishes",Total fishing areas,2506.74
2014,Ireland,European sprat - Sprattus sprattus,Total fishing areas,2991.12
2014,Greece,All aquatic organisms,Total fishing areas,60318.83
2014,Greece,"Cods, hakes, haddocks",Total fishing areas,3774.11
2014,Greece,"Herrings, sardines, anchovies",Total fishing areas,19374.76
2014,Greece,"Tunas, bonitos, billfishes",Total fishing areas,3955.97
2014,Greece,European sprat - Sprattus sprattus,Total fishing areas,29.18
2014,Spain,All aquatic organisms,Total fishing areas,1108830.4
2014,Spain,"Salmons, trouts, smelts",Total fishing areas,2.5
2014,Spain,"Cods, hakes, haddocks",Total fishing areas,178989.93
2014,Spain,"Herrings, sardines, anchovies",Total fishing areas,92119.34
2014,Spain,"Tunas, bonitos, billfishes",Total fishing areas,375645.35
2014,Spain,European sprat - Sprattus sprattus,Total fishing areas,0.09
2014,France,All aquatic organisms,Total fishing areas,543525.28
2014,France,"Salmons, trouts, smelts",Total fishing areas,59.46
2014,France,"Cods, hakes, haddocks",Total fishing areas,110636.61
2014,France,"Herrings, sardines, anchovies",Total fishing areas,62993.24
2014,France,"Tunas, bonitos, billfishes",Total fishing areas,111724.99
2014,France,European sprat - Sprattus sprattus,Total fishing areas,3.81
2014,Croatia,All aquatic organisms,Total fishing areas,78928.48
2014,Croatia,"Cods, hakes, haddocks",Total fishing areas,1091.45
2014,Croatia,"Herrings, sardines, anchovies",Total fishing areas,64427.02
2014,Croatia,"Tunas, bonitos, billfishes",Total fishing areas,534.92
2014,Croatia,European sprat - Sprattus sprattus,Total fishing areas,42.82
2014,Italy,All aquatic organisms,Total fishing areas,177018.6
2014,Italy,"Cods, hakes, haddocks",Total fishing areas,10748
2014,Italy,"Herrings, sardines, anchovies",Total fishing areas,58054.1
2014,Italy,"Tunas, bonitos, billfishes",Total fishing areas,8606.4
2014,Italy,European sprat - Sprattus sprattus,Total fishing areas,138.8
2014,Cyprus,All aquatic organisms,Total fishing areas,1248.69
2014,Cyprus,"Cods, hakes, haddocks",Total fishing areas,8.86
2014,Cyprus,"Herrings, sardines, anchovies",Total fishing areas,3.08
2014,Cyprus,"Tunas, bonitos, billfishes",Total fishing areas,493.52
2014,Latvia,All aquatic organisms,Total fishing areas,119293.15
2014,Latvia,"Salmons, trouts, smelts",Total fishing areas,1529.48
2014,Latvia,"Cods, hakes, haddocks",Total fishing areas,2113.5
2014,Latvia,"Herrings, sardines, anchovies",Total fishing areas,64187.9
2014,Latvia,"Tunas, bonitos, billfishes",Total fishing areas,29.8
2014,Latvia,European sprat - Sprattus sprattus,Total fishing areas,30760.8
2014,Lithuania,All aquatic organisms,Total fishing areas,148842.76
2014,Lithuania,"Salmons, trouts, smelts",Total fishing areas,35.19
2014,Lithuania,"Cods, hakes, haddocks",Total fishing areas,6362.3
2014,Lithuania,"Herrings, sardines, anchovies",Total fishing areas,58449.84
2014,Lithuania,"Tunas, bonitos, billfishes",Total fishing areas,523.14
2014,Lithuania,European sprat - Sprattus sprattus,Total fishing areas,9679.23
2014,Malta,All aquatic organisms,Total fishing areas,2402.55
2014,Malta,"Cods, hakes, haddocks",Total fishing areas,29.22
2014,Malta,"Herrings, sardines, anchovies",Total fishing areas,57.48
2014,Malta,"Tunas, bonitos, billfishes",Total fishing areas,617.1
2014,Malta,European sprat - Sprattus sprattus,Total fishing areas,56.98
2014,Netherlands,All aquatic organisms,Total fishing areas,375441.3
2014,Netherlands,"Salmons, trouts, smelts",Total fishing areas,70.3
2014,Netherlands,"Cods, hakes, haddocks",Total fishing areas,42189.1
2014,Netherlands,"Herrings, sardines, anchovies",Total fishing areas,158059.4
2014,Netherlands,"Tunas, bonitos, billfishes",Total fishing areas,65.5
2014,Netherlands,European sprat - Sprattus sprattus,Total fishing areas,2774.4
2014,Poland,All aquatic organisms,Total fishing areas,169574.36
2014,Poland,"Salmons, trouts, smelts",Total fishing areas,197.77
2014,Poland,"Cods, hakes, haddocks",Total fishing areas,19502.84
2014,Poland,"Herrings, sardines, anchovies",Total fishing areas,89719.83
2014,Poland,"Tunas, bonitos, billfishes",Total fishing areas,20.54
2014,Poland,European sprat - Sprattus sprattus,Total fishing areas,58588.18
2014,Portugal,All aquatic organisms,Total fishing areas,177231.04
2014,Portugal,"Cods, hakes, haddocks",Total fishing areas,16129.7
2014,Portugal,"Herrings, sardines, anchovies",Total fishing areas,16964.77
2014,Portugal,"Tunas, bonitos, billfishes",Total fishing areas,15939.48
2014,Romania,All aquatic organisms,Total fishing areas,2199.52
2014,Romania,"Cods, hakes, haddocks",Total fishing areas,0.29
2014,Romania,"Herrings, sardines, anchovies",Total fishing areas,144.33
2014,Romania,European sprat - Sprattus sprattus,Total fishing areas,84.98
2014,Slovenia,All aquatic organisms,Total fishing areas,246.53
2014,Slovenia,"Cods, hakes, haddocks",Total fishing areas,19.34
2014,Slovenia,"Herrings, sardines, anchovies",Total fishing areas,113.45
2014,Slovenia,"Tunas, bonitos, billfishes",Total fishing areas,0
2014,Slovenia,European sprat - Sprattus sprattus,Total fishing areas,1.85
2014,Finland,All aquatic organisms,Total fishing areas,153487.76
2014,Finland,"Salmons, trouts, smelts",Total fishing areas,2561.17
2014,Finland,"Cods, hakes, haddocks",Total fishing areas,376.26
2014,Finland,"Herrings, sardines, anchovies",Total fishing areas,142497.69
2014,Finland,European sprat - Sprattus sprattus,Total fishing areas,11812.6
2014,Sweden,All aquatic organisms,Total fishing areas,171889.2
2014,Sweden,"Salmons, trouts, smelts",Total fishing areas,2178.7
2014,Sweden,"Cods, hakes, haddocks",Total fishing areas,8842.2
2014,Sweden,"Herrings, sardines, anchovies",Total fishing areas,132197.1
2014,Sweden,European sprat - Sprattus sprattus,Total fishing areas,51376.7
2014,United Kingdom,All aquatic organisms,Total fishing areas,751979.05
2014,United Kingdom,"Salmons, trouts, smelts",Total fishing areas,6.35
2014,United Kingdom,"Cods, hakes, haddocks",Total fishing areas,139822.62
2014,United Kingdom,"Herrings, sardines, anchovies",Total fishing areas,107275.6
2014,United Kingdom,"Tunas, bonitos, billfishes",Total fishing areas,366.14
2014,United Kingdom,European sprat - Sprattus sprattus,Total fishing areas,4935.87
2014,Iceland,All aquatic organisms,Total fishing areas,1080292
2014,Iceland,"Cods, hakes, haddocks",Total fishing areas,526547
2014,Iceland,"Herrings, sardines, anchovies",Total fishing areas,157977
2014,Iceland,"Tunas, bonitos, billfishes",Total fishing areas,31
2014,Norway,All aquatic organisms,Total fishing areas,2134963.89
2014,Norway,"Salmons, trouts, smelts",Total fishing areas,219.38
2014,Norway,"Cods, hakes, haddocks",Total fishing areas,1177275.46
2014,Norway,"Herrings, sardines, anchovies",Total fishing areas,418028.12
2014,Norway,"Tunas, bonitos, billfishes",Total fishing areas,0.11
2014,Norway,European sprat - Sprattus sprattus,Total fishing areas,10724.62
2014,Turkey,All aquatic organisms,Total fishing areas,266077.6
2014,Turkey,"Cods, hakes, haddocks",Total fishing areas,10208.9
2014,Turkey,"Herrings, sardines, anchovies",Total fishing areas,156165.1
2014,Turkey,"Tunas, bonitos, billfishes",Total fishing areas,20886.1
2014,Turkey,European sprat - Sprattus sprattus,Total fishing areas,41647.9
2015,European Union (current composition),All aquatic organisms,Total fishing areas,5144219.37
2015,European Union (current composition),"Cods, hakes, haddocks",Total fishing areas,765642.96
2015,European Union (current composition),"Herrings, sardines, anchovies",Total fishing areas,1636321.49
2015,Belgium,All aquatic organisms,Total fishing areas,24462.5
2015,Belgium,"Cods, hakes, haddocks",Total fishing areas,2501.8
2015,Belgium,"Herrings, sardines, anchovies",Total fishing areas,19.5
2015,Bulgaria,All aquatic organisms,Total fishing areas,8746.6
2015,Bulgaria,"Cods, hakes, haddocks",Total fishing areas,0.2
2015,Bulgaria,"Herrings, sardines, anchovies",Total fishing areas,3310.9
2015,Bulgaria,"Tunas, bonitos, billfishes",Total fishing areas,7.7
2015,Bulgaria,European sprat - Sprattus sprattus,Total fishing areas,3297
2015,Denmark,All aquatic organisms,Total fishing areas,868890.1
2015,Denmark,"Salmons, trouts, smelts",Total fishing areas,141.36
2015,Denmark,"Cods, hakes, haddocks",Total fishing areas,99568.51
2015,Denmark,"Herrings, sardines, anchovies",Total fishing areas,444360.07
2015,Denmark,"Tunas, bonitos, billfishes",Total fishing areas,0.58
2015,Denmark,European sprat - Sprattus sprattus,Total fishing areas,302821.17
2015,Germany (until 1990 former territory of the FRG),All aquatic organisms,Total fishing areas,251268.44
2015,Germany (until 1990 former territory of the FRG),"Salmons, trouts, smelts",Total fishing areas,56.64
2015,Germany (until 1990 former territory of the FRG),"Cods, hakes, haddocks",Total fishing areas,50875.81
2015,Germany (until 1990 former territory of the FRG),"Herrings, sardines, anchovies",Total fishing areas,99969.93
2015,Germany (until 1990 former territory of the FRG),"Tunas, bonitos, billfishes",Total fishing areas,5.65
2015,Germany (until 1990 former territory of the FRG),European sprat - Sprattus sprattus,Total fishing areas,13995.83
2015,Estonia,All aquatic organisms,Total fishing areas,70753.3
2015,Estonia,"Salmons, trouts, smelts",Total fishing areas,476.52
2015,Estonia,"Cods, hakes, haddocks",Total fishing areas,1341.67
2015,Estonia,"Herrings, sardines, anchovies",Total fishing areas,56271.06
2015,Estonia,European sprat - Sprattus sprattus,Total fishing areas,23953.57
2015,Ireland,All aquatic organisms,Total fishing areas,234772.08
2015,Ireland,"Cods, hakes, haddocks",Total fishing areas,41169.93
2015,Ireland,"Herrings, sardines, anchovies",Total fishing areas,29948.65
2015,Ireland,"Tunas, bonitos, billfishes",Total fishing areas,2398.38
2015,Ireland,European sprat - Sprattus sprattus,Total fishing areas,10370.95
2015,Greece,All aquatic organisms,Total fishing areas,64431.32
2015,Greece,"Cods, hakes, haddocks",Total fishing areas,3679.3
2015,Greece,"Herrings, sardines, anchovies",Total fishing areas,22723.68
2015,Greece,"Tunas, bonitos, billfishes",Total fishing areas,2716.53
2015,Greece,European sprat - Sprattus sprattus,Total fishing areas,35.38
2015,Spain,All aquatic organisms,Total fishing areas,901511.86
2015,Spain,"Salmons, trouts, smelts",Total fishing areas,1.93
2015,Spain,"Cods, hakes, haddocks",Total fishing areas,176748.9
2015,Spain,"Herrings, sardines, anchovies",Total fishing areas,88871.04
2015,Spain,"Tunas, bonitos, billfishes",Total fishing areas,240450.43
2015,Spain,European sprat - Sprattus sprattus,Total fishing areas,0.06
2015,France,All aquatic organisms,Total fishing areas,497435.05
2015,France,"Salmons, trouts, smelts",Total fishing areas,71.13
2015,France,"Cods, hakes, haddocks",Total fishing areas,114115
2015,France,"Herrings, sardines, anchovies",Total fishing areas,57097.84
2015,France,"Tunas, bonitos, billfishes",Total fishing areas,108683.96
2015,France,European sprat - Sprattus sprattus,Total fishing areas,1.25
2015,Croatia,All aquatic organisms,Total fishing areas,72263.88
2015,Croatia,"Cods, hakes, haddocks",Total fishing areas,930.1
2015,Croatia,"Herrings, sardines, anchovies",Total fishing areas,62521.52
2015,Croatia,"Tunas, bonitos, billfishes",Total fishing areas,570.3
2015,Croatia,European sprat - Sprattus sprattus,Total fishing areas,42.48
2015,Italy,All aquatic organisms,Total fishing areas,191633.7
2015,Italy,"Cods, hakes, haddocks",Total fishing areas,10879.7
2015,Italy,"Herrings, sardines, anchovies",Total fishing areas,66847.4
2015,Italy,"Tunas, bonitos, billfishes",Total fishing areas,12218.9
2015,Italy,European sprat - Sprattus sprattus,Total fishing areas,82.9
2015,Cyprus,All aquatic organisms,Total fishing areas,1475.25
2015,Cyprus,"Cods, hakes, haddocks",Total fishing areas,9.69
2015,Cyprus,"Herrings, sardines, anchovies",Total fishing areas,6
2015,Cyprus,"Tunas, bonitos, billfishes",Total fishing areas,591.39
2015,Latvia,All aquatic organisms,Total fishing areas,81304.53
2015,Latvia,"Salmons, trouts, smelts",Total fishing areas,1164.42
2015,Latvia,"Cods, hakes, haddocks",Total fishing areas,2998.01
2015,Latvia,"Herrings, sardines, anchovies",Total fishing areas,56302.36
2015,Latvia,"Tunas, bonitos, billfishes",Total fishing areas,22.8
2015,Latvia,European sprat - Sprattus sprattus,Total fishing areas,30500.85
2015,Lithuania,All aquatic organisms,Total fishing areas,72432.13
2015,Lithuania,"Salmons, trouts, smelts",Total fishing areas,129.79
2015,Lithuania,"Cods, hakes, haddocks",Total fishing areas,2135.41
2015,Lithuania,"Herrings, sardines, anchovies",Total fishing areas,20307.54
2015,Lithuania,"Tunas, bonitos, billfishes",Total fishing areas,25.94
2015,Lithuania,European sprat - Sprattus sprattus,Total fishing areas,11004.05
2015,Malta,All aquatic organisms,Total fishing areas,2436.93
2015,Malta,"Cods, hakes, haddocks",Total fishing areas,38.41
2015,Malta,"Herrings, sardines, anchovies",Total fishing areas,40
2015,Malta,"Tunas, bonitos, billfishes",Total fishing areas,734.2
2015,Malta,European sprat - Sprattus sprattus,Total fishing areas,36.72
2015,Netherlands,All aquatic organisms,Total fishing areas,364989.9
2015,Netherlands,"Salmons, trouts, smelts",Total fishing areas,2.4
2015,Netherlands,"Cods, hakes, haddocks",Total fishing areas,72364.8
2015,Netherlands,"Herrings, sardines, anchovies",Total fishing areas,112875.8
2015,Netherlands,"Tunas, bonitos, billfishes",Total fishing areas,18.3
2015,Netherlands,European sprat - Sprattus sprattus,Total fishing areas,3383.6
2015,Poland,All aquatic organisms,Total fishing areas,187051.13
2015,Poland,"Salmons, trouts, smelts",Total fishing areas,227.75
2015,Poland,"Cods, hakes, haddocks",Total fishing areas,21163.38
2015,Poland,"Herrings, sardines, anchovies",Total fishing areas,104591.9
2015,Poland,"Tunas, bonitos, billfishes",Total fishing areas,8.8
2015,Poland,European sprat - Sprattus sprattus,Total fishing areas,64172.77
2015,Portugal,All aquatic organisms,Total fishing areas,185217.03
2015,Portugal,"Cods, hakes, haddocks",Total fishing areas,14653.06
2015,Portugal,"Herrings, sardines, anchovies",Total fishing areas,16554.07
2015,Portugal,"Tunas, bonitos, billfishes",Total fishing areas,9277.68
2015,Romania,All aquatic organisms,Total fishing areas,4842.57
2015,Romania,"Cods, hakes, haddocks",Total fishing areas,0.09
2015,Romania,"Herrings, sardines, anchovies",Total fishing areas,218.3
2015,Romania,European sprat - Sprattus sprattus,Total fishing areas,106.33
2015,Slovenia,All aquatic organisms,Total fishing areas,191.2
2015,Slovenia,"Cods, hakes, haddocks",Total fishing areas,13.9
2015,Slovenia,"Herrings, sardines, anchovies",Total fishing areas,59.9
2015,Slovenia,"Tunas, bonitos, billfishes",Total fishing areas,0
2015,Slovenia,European sprat - Sprattus sprattus,Total fishing areas,1.2
2015,Finland,All aquatic organisms,Total fishing areas,153394.49
2015,Finland,"Salmons, trouts, smelts",Total fishing areas,2328.64
2015,Finland,"Cods, hakes, haddocks",Total fishing areas,415.51
2015,Finland,"Herrings, sardines, anchovies",Total fishing areas,143590.11
2015,Finland,European sprat - Sprattus sprattus,Total fishing areas,11875.26
2015,Sweden,All aquatic organisms,Total fishing areas,202946.25
2015,Sweden,"Salmons, trouts, smelts",Total fishing areas,2252.84
2015,Sweden,"Cods, hakes, haddocks",Total fishing areas,10669.41
2015,Sweden,"Herrings, sardines, anchovies",Total fishing areas,147992.32
2015,Sweden,"Tunas, bonitos, billfishes",Total fishing areas,0.81
2015,Sweden,European sprat - Sprattus sprattus,Total fishing areas,50979.73
2015,United Kingdom,All aquatic organisms,Total fishing areas,701769.12
2015,United Kingdom,"Salmons, trouts, smelts",Total fishing areas,0.82
2015,United Kingdom,"Cods, hakes, haddocks",Total fishing areas,139370.39
2015,United Kingdom,"Herrings, sardines, anchovies",Total fishing areas,101841.62
2015,United Kingdom,"Tunas, bonitos, billfishes",Total fishing areas,123.88
2015,United Kingdom,European sprat - Sprattus sprattus,Total fishing areas,3752.42
2015,Iceland,All aquatic organisms,Total fishing areas,1317153
2015,Iceland,"Cods, hakes, haddocks",Total fishing areas,567380
2015,Iceland,"Herrings, sardines, anchovies",Total fishing areas,109355
2015,Iceland,"Tunas, bonitos, billfishes",Total fishing areas,37
2015,Norway,All aquatic organisms,Total fishing areas,2146073.76
2015,Norway,"Salmons, trouts, smelts",Total fishing areas,4.3
2015,Norway,"Cods, hakes, haddocks",Total fishing areas,1246381.92
2015,Norway,"Herrings, sardines, anchovies",Total fishing areas,322831.85
2015,Norway,"Tunas, bonitos, billfishes",Total fishing areas,8.33
2015,Norway,European sprat - Sprattus sprattus,Total fishing areas,9699.64
2015,Turkey,All aquatic organisms,Total fishing areas,397730.7
2015,Turkey,"Cods, hakes, haddocks",Total fishing areas,13871.7
2015,Turkey,"Herrings, sardines, anchovies",Total fishing areas,287181.3
2015,Turkey,"Tunas, bonitos, billfishes",Total fishing areas,6553.8
2015,Turkey,European sprat - Sprattus sprattus,Total fishing areas,76995.6
2016,European Union (current composition),"Cods, hakes, haddocks",Total fishing areas,767217.94
2016,European Union (current composition),"Herrings, sardines, anchovies",Total fishing areas,1664423.08
2016,Belgium,All aquatic organisms,Total fishing areas,26860
2016,Belgium,"Cods, hakes, haddocks",Total fishing areas,2361.1
2016,Belgium,"Herrings, sardines, anchovies",Total fishing areas,30.1
2016,Bulgaria,All aquatic organisms,Total fishing areas,8626.58
2016,Bulgaria,"Cods, hakes, haddocks",Total fishing areas,11.68
2016,Bulgaria,"Herrings, sardines, anchovies",Total fishing areas,2349.98
2016,Bulgaria,"Tunas, bonitos, billfishes",Total fishing areas,68.24
2016,Bulgaria,European sprat - Sprattus sprattus,Total fishing areas,2295.51
2016,Denmark,All aquatic organisms,Total fishing areas,670212.83
2016,Denmark,"Salmons, trouts, smelts",Total fishing areas,113.37
2016,Denmark,"Cods, hakes, haddocks",Total fishing areas,103234.15
2016,Denmark,"Herrings, sardines, anchovies",Total fishing areas,383075.86
2016,Denmark,"Tunas, bonitos, billfishes",Total fishing areas,1.29
2016,Denmark,European sprat - Sprattus sprattus,Total fishing areas,219217.26
2016,Germany (until 1990 former territory of the FRG),All aquatic organisms,Total fishing areas,240569.72
2016,Germany (until 1990 former territory of the FRG),"Salmons, trouts, smelts",Total fishing areas,41.04
2016,Germany (until 1990 former territory of the FRG),"Cods, hakes, haddocks",Total fishing areas,43602.22
2016,Germany (until 1990 former territory of the FRG),"Herrings, sardines, anchovies",Total fishing areas,103882.81
2016,Germany (until 1990 former territory of the FRG),"Tunas, bonitos, billfishes",Total fishing areas,3.51
2016,Germany (until 1990 former territory of the FRG),European sprat - Sprattus sprattus,Total fishing areas,16505.49
2016,Estonia,All aquatic organisms,Total fishing areas,72421.83
2016,Estonia,"Salmons, trouts, smelts",Total fishing areas,744.58
2016,Estonia,"Cods, hakes, haddocks",Total fishing areas,616.56
2016,Estonia,"Herrings, sardines, anchovies",Total fishing areas,57455.64
2016,Estonia,European sprat - Sprattus sprattus,Total fishing areas,23686.94
2016,Ireland,All aquatic organisms,Total fishing areas,230272.62
2016,Ireland,"Cods, hakes, haddocks",Total fishing areas,46383.98
2016,Ireland,"Herrings, sardines, anchovies",Total fishing areas,24312.29
2016,Ireland,"Tunas, bonitos, billfishes",Total fishing areas,2437.65
2016,Ireland,European sprat - Sprattus sprattus,Total fishing areas,4763.28
2016,Greece,"Cods, hakes, haddocks",Total fishing areas,4088.86
2016,Greece,"Herrings, sardines, anchovies",Total fishing areas,23497.85
2016,Greece,"Tunas, bonitos, billfishes",Total fishing areas,3844.9
2016,Greece,European sprat - Sprattus sprattus,Total fishing areas,36.05
2016,Spain,All aquatic organisms,Total fishing areas,859744.95
2016,Spain,"Salmons, trouts, smelts",Total fishing areas,2.41
2016,Spain,"Cods, hakes, haddocks",Total fishing areas,177400.04
2016,Spain,"Herrings, sardines, anchovies",Total fishing areas,81856.26
2016,Spain,"Tunas, bonitos, billfishes",Total fishing areas,268897.35
2016,Spain,European sprat - Sprattus sprattus,Total fishing areas,0.08
2016,France,All aquatic organisms,Total fishing areas,524828.26
2016,France,"Salmons, trouts, smelts",Total fishing areas,71.13
2016,France,"Cods, hakes, haddocks",Total fishing areas,109296.38
2016,France,"Herrings, sardines, anchovies",Total fishing areas,64260.25
2016,France,"Tunas, bonitos, billfishes",Total fishing areas,102303.47
2016,France,European sprat - Sprattus sprattus,Total fishing areas,10.58
2016,Croatia,All aquatic organisms,Total fishing areas,71864.35
2016,Croatia,"Salmons, trouts, smelts",Total fishing areas,0.03
2016,Croatia,"Cods, hakes, haddocks",Total fishing areas,904.26
2016,Croatia,"Herrings, sardines, anchovies",Total fishing areas,62171.27
2016,Croatia,"Tunas, bonitos, billfishes",Total fishing areas,604.95
2016,Croatia,European sprat - Sprattus sprattus,Total fishing areas,44.38
2016,Italy,All aquatic organisms,Total fishing areas,192602.6
2016,Italy,"Cods, hakes, haddocks",Total fishing areas,10292.1
2016,Italy,"Herrings, sardines, anchovies",Total fishing areas,67559.7
2016,Italy,"Tunas, bonitos, billfishes",Total fishing areas,14538.6
2016,Italy,European sprat - Sprattus sprattus,Total fishing areas,54.6
2016,Cyprus,All aquatic organisms,Total fishing areas,1481.8
2016,Cyprus,"Cods, hakes, haddocks",Total fishing areas,7.9
2016,Cyprus,"Herrings, sardines, anchovies",Total fishing areas,6.9
2016,Cyprus,"Tunas, bonitos, billfishes",Total fishing areas,693.9
2016,Latvia,All aquatic organisms,Total fishing areas,114654.78
2016,Latvia,"Salmons, trouts, smelts",Total fishing areas,600.43
2016,Latvia,"Cods, hakes, haddocks",Total fishing areas,2716.9
2016,Latvia,"Herrings, sardines, anchovies",Total fishing areas,60428.38
2016,Latvia,European sprat - Sprattus sprattus,Total fishing areas,28103.47
2016,Lithuania,All aquatic organisms,Total fishing areas,105738.74
2016,Lithuania,"Salmons, trouts, smelts",Total fishing areas,122.8
2016,Lithuania,"Cods, hakes, haddocks",Total fishing areas,3149
2016,Lithuania,"Herrings, sardines, anchovies",Total fishing areas,31314.75
2016,Lithuania,"Tunas, bonitos, billfishes",Total fishing areas,1193.73
2016,Lithuania,European sprat - Sprattus sprattus,Total fishing areas,11548.02
2016,Malta,All aquatic organisms,Total fishing areas,2301.81
2016,Malta,"Cods, hakes, haddocks",Total fishing areas,25.13
2016,Malta,"Herrings, sardines, anchovies",Total fishing areas,30.69
2016,Malta,"Tunas, bonitos, billfishes",Total fishing areas,581.4
2016,Malta,European sprat - Sprattus sprattus,Total fishing areas,30.58
2016,Netherlands,All aquatic organisms,Total fishing areas,368349.3
2016,Netherlands,"Salmons, trouts, smelts",Total fishing areas,96.5
2016,Netherlands,"Cods, hakes, haddocks",Total fishing areas,64317.9
2016,Netherlands,"Herrings, sardines, anchovies",Total fishing areas,140478.8
2016,Netherlands,"Tunas, bonitos, billfishes",Total fishing areas,240.8
2016,Netherlands,European sprat - Sprattus sprattus,Total fishing areas,2016
2016,Poland,All aquatic organisms,Total fishing areas,196927.59
2016,Poland,"Salmons, trouts, smelts",Total fishing areas,282.13
2016,Poland,"Cods, hakes, haddocks",Total fishing areas,18167.74
2016,Poland,"Herrings, sardines, anchovies",Total fishing areas,106797.18
2016,Poland,"Tunas, bonitos, billfishes",Total fishing areas,7.21
2016,Poland,European sprat - Sprattus sprattus,Total fishing areas,60056.09
2016,Portugal,All aquatic organisms,Total fishing areas,180691.08
2016,Portugal,"Cods, hakes, haddocks",Total fishing areas,19304.41
2016,Portugal,"Herrings, sardines, anchovies",Total fishing areas,20835.16
2016,Portugal,"Tunas, bonitos, billfishes",Total fishing areas,8926.1
2016,Romania,All aquatic organisms,Total fishing areas,7174
2016,Romania,"Cods, hakes, haddocks",Total fishing areas,0
2016,Romania,"Herrings, sardines, anchovies",Total fishing areas,151.7
2016,Romania,European sprat - Sprattus sprattus,Total fishing areas,49.28
2016,Slovenia,All aquatic organisms,Total fishing areas,146.1
2016,Slovenia,"Cods, hakes, haddocks",Total fishing areas,16.8
2016,Slovenia,"Herrings, sardines, anchovies",Total fishing areas,35.5
2016,Slovenia,"Tunas, bonitos, billfishes",Total fishing areas,0
2016,Slovenia,European sprat - Sprattus sprattus,Total fishing areas,0.9
2016,Finland,All aquatic organisms,Total fishing areas,162586.42
2016,Finland,"Salmons, trouts, smelts",Total fishing areas,2114.85
2016,Finland,"Cods, hakes, haddocks",Total fishing areas,87.63
2016,Finland,"Herrings, sardines, anchovies",Total fishing areas,153385.48
2016,Finland,European sprat - Sprattus sprattus,Total fishing areas,16806.62
2016,Sweden,All aquatic organisms,Total fishing areas,197972.87
2016,Sweden,"Salmons, trouts, smelts",Total fishing areas,1975.32
2016,Sweden,"Cods, hakes, haddocks",Total fishing areas,9342.04
2016,Sweden,"Herrings, sardines, anchovies",Total fishing areas,173458.68
2016,Sweden,"Tunas, bonitos, billfishes",Total fishing areas,0
2016,Sweden,European sprat - Sprattus sprattus,Total fishing areas,56245.58
2016,United Kingdom,All aquatic organisms,Total fishing areas,699841.75
2016,United Kingdom,"Salmons, trouts, smelts",Total fishing areas,4.73
2016,United Kingdom,"Cods, hakes, haddocks",Total fishing areas,151891.18
2016,United Kingdom,"Herrings, sardines, anchovies",Total fishing areas,107047.86
2016,United Kingdom,"Tunas, bonitos, billfishes",Total fishing areas,178.91
2016,United Kingdom,European sprat - Sprattus sprattus,Total fishing areas,5067.06
2016,Iceland,All aquatic organisms,Total fishing areas,1069546
2016,Norway,All aquatic organisms,Total fishing areas,1872617.07
2016,Norway,"Salmons, trouts, smelts",Total fishing areas,6.17
2016,Norway,"Cods, hakes, haddocks",Total fishing areas,1068551.14
2016,Norway,"Herrings, sardines, anchovies",Total fishing areas,373509.32
2016,Norway,"Tunas, bonitos, billfishes",Total fishing areas,43.87
2016,Norway,European sprat - Sprattus sprattus,Total fishing areas,21702.93
2016,Turkey,All aquatic organisms,Total fishing areas,301463.6
2016,Turkey,"Cods, hakes, haddocks",Total fishing areas,12335
2016,Turkey,"Herrings, sardines, anchovies",Total fishing areas,170982.2
2016,Turkey,"Tunas, bonitos, billfishes",Total fishing areas,41476.2
2016,Turkey,European sprat - Sprattus sprattus,Total fishing areas,50224.9
